tweet_id,max_p,max_p_breed
666020888022790149,0.465074,Welsh_springer_spaniel
666029285002620928,0.506826,redbone
666033412701032449,0.596461,German_shepherd
666044226329800704,0.408143,Rhodesian_ridgeback
666049248165822465,0.560311,miniature_pinscher
666050758794694657,0.651137,Bernese_mountain_dog
666051853826850816,,NaN
666055525042405380,0.692517,chow
666057090499244032,0.00795896,golden_retriever
666058600524156928,0.201493,miniature_poodle
666063827256086533,0.77593,golden_retriever
666071193221509120,0.503672,Gordon_setter
666073100786774016,0.260857,Walker_hound
666082916733198337,0.489814,pug
666094000022159362,0.195217,bloodhound
666099513787052032,0.58233,Lhasa
666102155909144576,0.298617,English_setter
666104133288665088,,NaN
666268910803644416,,NaN
666273097616637952,0.176053,Italian_greyhound
666293911632134144,,NaN
666337882303524864,0.278407,Newfoundland
666345417576210432,0.8587440000000001,golden_retriever
666353288456101888,0.33687399999999995,malamute
666362758909284353,,NaN
666373753744588802,0.326467,soft-coated_wheaten_terrier
666396247373291520,0.978108,Chihuahua
666407126856765440,0.529139,black-and-tan_coonhound
666411507551481857,,NaN
666418789513326592,0.14968,toy_terrier
666421158376562688,0.906777,Blenheim_spaniel
666428276349472768,0.371361,Pembroke
666430724426358785,0.104109,Irish_terrier
666435652385423360,0.18413,Chesapeake_Bay_retriever
666437273139982337,0.6718529999999999,Chihuahua
666447344410484738,0.32208400000000004,curly-coated_retriever
666454714377183233,0.278954,dalmatian
666644823164719104,0.0443334,Ibizan_hound
666649482315059201,0.447803,Border_collie
666691418707132416,0.975401,German_shepherd
666701168228331520,0.887707,Labrador_retriever
666739327293083650,0.546933,miniature_poodle
666776908487630848,0.167175,miniature_pinscher
666781792255496192,0.618316,Italian_greyhound
666786068205871104,,NaN
666804364988780544,0.32879200000000003,English_setter
666817836334096384,0.496953,miniature_schnauzer
666826780179869698,0.359383,Maltese_dog
673919437611909120,0.115984,schipperke
673956914389192708,0.5861609999999999,pug
674008982932058114,,NaN
674014384960745472,0.74232,Pembroke
674019345211760640,0.992732,collie
674024893172875264,0.6485,Pomeranian
674036086168010753,0.685617,toy_poodle
674038233588723717,0.358459,Eskimo_dog
674042553264685056,0.927975,toy_poodle
674045139690631169,,NaN
674051556661161984,0.179777,Shih-Tzu
674053186244734976,0.984725,Cardigan
674063288070742018,,NaN
674075285688614912,0.305392,Airedale
674082852460433408,0.666957,Pomeranian
674255168825880576,0.615741,Eskimo_dog
674262580978937856,0.519428,Greater_Swiss_Mountain_dog
674265582246694913,,NaN
674269164442398721,0.6229210000000001,pug
674271431610523648,0.991454,German_shepherd
674291837063053312,0.611525,Cardigan
674318007229923329,,NaN
674372068062928900,,NaN
674394782723014656,0.109099,Lakeland_terrier
674410619106390016,0.0194268,beagle
674416750885273600,0.28720100000000004,Chihuahua
674422304705744896,0.964497,golden_retriever
674436901579923456,0.105416,Shih-Tzu
674447403907457024,0.409909,Brabancon_griffon
674468880899788800,0.52623,chow
674632714662858753,,NaN
674638615994089473,0.846986,Pomeranian
674644256330530816,0.335692,basset
674646392044941312,0.837448,flat-coated_retriever
674664755118911488,,NaN
674670581682434048,0.180079,malamute
674690135443775488,,NaN
674737130913071104,0.948537,Pomeranian
674739953134403584,0.17591500000000002,Dandie_Dinmont
674743008475090944,0.583054,Bernese_mountain_dog
674752233200820224,0.665516,vizsla
674764817387900928,0.634695,Samoyed
674767892831932416,,NaN
674774481756377088,0.407016,Chihuahua
674781762103414784,,NaN
674788554665512960,0.349561,miniature_poodle
674790488185167872,0.8019029999999999,Labrador_retriever
674800520222154752,0.8764790000000001,Pembroke
674805413498527744,0.594467,English_springer
675003128568291329,0.655279,Pembroke
675006312288268288,0.654697,boxer
675015141583413248,0.258372,golden_retriever
675047298674663426,0.978007,Samoyed
675109292475830276,0.989519,dalmatian
675111688094527488,0.631501,Labrador_retriever
675113801096802304,,NaN
675135153782571009,,NaN
675145476954566656,0.458746,Labrador_retriever
675146535592706048,0.229944,Cardigan
675147105808306176,0.949215,golden_retriever
675149409102012420,0.999876,chow
675153376133427200,,NaN
675166823650848770,0.132569,standard_poodle
675334060156301312,0.773135,Pembroke
675354435921575936,0.181351,golden_retriever
675362609739206656,0.479008,Labrador_retriever
675372240448454658,0.4163850000000001,Chihuahua
675432746517426176,0.986548,Labrador_retriever
675483430902214656,,NaN
675489971617296384,0.139613,West_Highland_white_terrier
675497103322386432,0.5195890000000001,vizsla
675501075957489664,,NaN
675517828909424640,0.240591,Scottish_deerhound
675522403582218240,0.299708,cocker_spaniel
675531475945709568,0.918441,Pembroke
675534494439489536,0.749368,chow
675706639471788032,0.9903,English_springer
675710890956750848,0.4414270000000001,standard_schnauzer
675740360753160193,0.800495,golden_retriever
675781562965868544,0.921968,Maltese_dog
675798442703122432,0.681218,beagle
675820929667219457,0.556373,basset
675822767435051008,0.4607100000000001,Pomeranian
675845657354215424,0.8839520000000001,pug
675878199931371520,0.0436271,Cardigan
675888385639251968,0.672117,West_Highland_white_terrier
675891555769696257,0.305637,Italian_greyhound
675898130735476737,0.40743,Labrador_retriever
676089483918516224,0.743808,bull_mastiff
676098748976615425,,NaN
676101918813499392,0.225848,Shih-Tzu
676146341966438401,0.388332,Irish_water_spaniel
676191832485810177,0.376741,Chihuahua
676215927814406144,,NaN
676219687039057920,0.000132464,whippet
676237365392908289,0.961996,French_bulldog
676263575653122048,0.0980293,toy_poodle
676430933382295552,0.583875,golden_retriever
676440007570247681,0.579472,Maltese_dog
676470639084101634,0.7903859999999999,golden_retriever
676496375194980353,0.985387,pug
676533798876651520,0.26527399999999995,chow
676575501977128964,0.0731443,Yorkshire_terrier
676582956622721024,0.196307,Boston_bull
676588346097852417,0.976577,Boston_bull
676603393314578432,0.8770209999999999,whippet
676606785097199616,0.1423,malinois
676613908052996102,0.0964228,Doberman
676617503762681856,0.841084,Chihuahua
676776431406465024,,NaN
676811746707918848,0.440916,Chihuahua
676819651066732545,0.0394646,Labrador_retriever
676821958043033607,0.8698040000000001,Great_Pyrenees
676864501615042560,0.371146,Chesapeake_Bay_retriever
676897532954456065,,NaN
676936541936185344,0.5452859999999999,Chesapeake_Bay_retriever
676942428000112642,,NaN
676946864479084545,0.752707,Pekinese
676948236477857792,,NaN
676949632774234114,0.206479,Welsh_springer_spaniel
676957860086095872,0.772423,Labrador_retriever
676975532580409345,0.363257,malamute
677187300187611136,0.282396,English_setter
677228873407442944,,NaN
677269281705472000,0.656616,Shetland_sheepdog
677301033169788928,0.6611779999999999,Japanese_spaniel
677314812125323265,0.924127,Blenheim_spaniel
677328882937298944,0.0290541,kelpie
677331501395156992,0.313464,beagle
677334615166730240,0.859392,Lakeland_terrier
677530072887205888,0.6892590000000001,Staffordshire_bullterrier
677547928504967168,0.914978,American_Staffordshire_terrier
677557565589463040,0.249017,Shih-Tzu
677565715327688705,0.397295,basset
677573743309385728,,NaN
677644091929329666,0.626236,Chihuahua
677662372920729601,,NaN
677673981332312066,0.817908,Maltese_dog
677687604918272002,0.573047,Pembroke
677698403548192770,0.916645,Shih-Tzu
677700003327029250,0.120849,Siberian_husky
677895101218201600,0.550702,dalmatian
677918531514703872,0.199347,Eskimo_dog
678021115718029313,0.822048,miniature_pinscher
678255464182861824,0.613819,Chihuahua
678278586130948096,0.897841,Maltese_dog
678334497360859136,0.378643,Norfolk_terrier
678341075375947776,0.853284,golden_retriever
678380236862578688,0.0476014,Samoyed
678389028614488064,0.516284,miniature_pinscher
678396796259975168,0.95618,Pembroke
678399652199309312,0.0150472,Bedlington_terrier
678410210315247616,0.145877,schipperke
678424312106393600,0.759945,Maltese_dog
678446151570427904,0.284492,Staffordshire_bullterrier
678643457146150913,0.33875700000000003,Labrador_retriever
678675843183484930,,NaN
678740035362037760,0.0225251,beagle
678755239630127104,0.606654,malamute
678764513869611008,0.696646,Irish_terrier
678767140346941444,,NaN
678774928607469569,0.194681,Pembroke
678798276842360832,0.583122,Airedale
678800283649069056,0.213673,Labrador_retriever
678969228704284672,0.680251,Labrador_retriever
678991772295516161,0.330216,Eskimo_dog
679047485189439488,0.00293035,golden_retriever
679062614270468097,0.0455186,schipperke
679111216690831360,0.189423,kelpie
679132435750195208,0.19461,Scottish_deerhound
679148763231985668,0.302685,Italian_greyhound
679158373988876288,0.27220500000000003,pug
679462823135686656,0.62178,toy_poodle
679475951516934144,0.145742,Maltese_dog
679503373272485890,,NaN
679511351870550016,0.761972,Chihuahua
679527802031484928,,NaN
679530280114372609,0.750256,dalmatian
679722016581222400,0.459604,boxer
679729593985699840,0.0935148,West_Highland_white_terrier
679736210798047232,0.319139,French_bulldog
679777920601223168,0.5288189999999999,bloodhound
679828447187857408,0.346545,Chihuahua
679844490799091713,0.903832,Airedale
679854723806179328,0.00230739,chow
679862121895714818,0.5232060000000001,EntleBucher
679877062409191424,,NaN
680070545539371008,0.121811,Shih-Tzu
680085611152338944,,NaN
680100725817409536,0.6989609999999999,golden_retriever
680115823365742593,0.999365,pug
680130881361686529,0.199121,Maltese_dog
680145970311643136,0.457117,miniature_poodle
680161097740095489,0.268681,bluetick
680176173301628928,,NaN
680191257256136705,0.7332529999999999,Brittany_spaniel
680206703334408192,,NaN
680221482581123072,,NaN
680440374763077632,,NaN
680473011644985345,0.796694,Lakeland_terrier
680494726643068929,0.438627,kuvasz
680497766108381184,0.538354,Chihuahua
680583894916304897,,NaN
680609293079592961,0.700764,French_bulldog
680798457301471234,,NaN
680801747103793152,0.99672,pug
680836378243002368,0.427781,Pembroke
680889648562991104,0.876337,Shetland_sheepdog
680913438424612864,0.615678,Pomeranian
680934982542561280,0.7843979999999999,Labrador_retriever
680940246314430465,0.289598,soft-coated_wheaten_terrier
680959110691590145,0.0443565,pug
680970795137544192,0.713102,pug
681193455364796417,0.992619,Pomeranian
681231109724700672,0.406047,Irish_setter
681242418453299201,,NaN
681261549936340994,0.382101,Tibetan_terrier
681281657291280384,0.99883,Saint_Bernard
681297372102656000,0.482401,Lhasa
681302363064414209,,NaN
681320187870711809,0.362596,Samoyed
681339448655802368,0.0946149,Labrador_retriever
681523177663676416,0.205067,Norfolk_terrier
681579835668455424,0.760671,Rottweiler
681610798867845120,0.8217040000000001,toy_poodle
681654059175129088,0.800538,Pomeranian
681679526984871937,,NaN
681694085539872773,0.920992,toy_poodle
681891461017812993,0.20357,Chihuahua
681981167097122816,0.4525770000000001,Labrador_retriever
682003177596559360,,NaN
682032003584274432,0.997953,schipperke
682047327939461121,,NaN
682059653698686977,,NaN
682242692827447297,,NaN
682259524040966145,0.43967,Siberian_husky
682303737705140231,0.00173092,Lakeland_terrier
682389078323662849,0.482288,curly-coated_retriever
682393905736888321,0.657275,vizsla
682406705142087680,,NaN
682429480204398592,0.594701,whippet
682638830361513985,0.440781,English_springer
682662431982772225,0.413824,beagle
682697186228989953,,NaN
682750546109968385,0.947198,English_setter
682788441537560576,,NaN
683030066213818368,0.722218,boxer
683078886620553216,0.0940442,Eskimo_dog
683098815881154561,0.889848,golden_retriever
683111407806746624,0.901392,cocker_spaniel
683142553609318400,0.605851,Leonberg
683357973142474752,0.406509,Pembroke
683391852557561860,0.992833,French_bulldog
683449695444799489,0.303512,Lakeland_terrier
683462770029932544,0.39956,Italian_greyhound
683481228088049664,0.508951,keeshond
683498322573824003,0.945362,Airedale
683742671509258241,0.895279,Pembroke
683773439333797890,0.0728852,miniature_pinscher
683828599284170753,0.577376,malamute
683834909291606017,0.738449,Maltese_dog
683849932751646720,0.164906,Mexican_hairless
683852578183077888,0.5513520000000001,toy_poodle
683857920510050305,0.174738,bluetick
684097758874210310,0.6278560000000001,Labrador_retriever
684122891630342144,,NaN
684177701129875456,0.334783,chow
684188786104872960,0.537782,kelpie
684195085588783105,0.379365,Chihuahua
684200372118904832,,NaN
684241637099323392,0.508498,Pembroke
684460069371654144,0.673691,Labrador_retriever
684481074559381504,0.93781,Chihuahua
684567543613382656,,NaN
684594889858887680,0.948688,Weimaraner
684800227459624960,0.294457,miniature_schnauzer
684880619965411328,,NaN
684902183876321280,0.708034,Pembroke
684914660081053696,0.261288,chow
684926975086034944,0.769412,Labrador_retriever
684940049151070208,0.665578,Border_collie
684959798585110529,,NaN
685169283572338688,0.975096,Bernese_mountain_dog
685198997565345792,0.00967138,Old_English_sheepdog
685268753634967552,0.999044,pug
685307451701334016,0.963176,Pomeranian
685315239903100929,0.470162,chow
685321586178670592,0.972483,Boston_bull
685325112850124800,0.586937,golden_retriever
685532292383666176,0.0958052,collie
685547936038666240,,NaN
685641971164143616,0.253839,Lakeland_terrier
685663452032069632,0.171174,Chesapeake_Bay_retriever
685667379192414208,,NaN
685906723014619143,0.414963,Yorkshire_terrier
685943807276412928,0.200812,papillon
685973236358713344,0.450678,Siberian_husky
686003207160610816,,NaN
686007916130873345,0.885301,Rhodesian_ridgeback
686034024800862208,0.23692,Great_Dane
686050296934563840,0.985789,Pomeranian
686358356425093120,0.985237,pug
686377065986265092,0.830816,German_shepherd
686386521809772549,0.477704,Yorkshire_terrier
686606069955735556,0.320012,Labrador_retriever
686618349602762752,0.441331,Rottweiler
686683045143953408,0.100499,Norwich_terrier
686730991906516992,0.338812,Tibetan_mastiff
686749460672679938,,NaN
686947101016735744,,NaN
687096057537363968,0.417107,Labrador_retriever
687102708889812993,,NaN
687109925361856513,0.883086,borzoi
687124485711986689,0.000216206,beagle
687127927494963200,0.178205,pug
687312378585812992,0.139909,Great_Dane
687317306314240000,0.747208,Shih-Tzu
687460506001633280,0.223366,Boston_bull
687476254459715584,,NaN
687480748861947905,0.472273,English_springer
687494652870668288,0.391471,Rottweiler
687664829264453632,0.957365,pug
687704180304273409,0.956063,miniature_pinscher
687807801670897665,0.151113,Staffordshire_bullterrier
687818504314159109,0.873029,Lakeland_terrier
687826841265172480,0.99721,Pomeranian
688064179421470721,0.240602,Eskimo_dog
688116655151435777,0.973819,pug
688179443353796608,,NaN
688211956440801280,,NaN
688385280030670848,0.900437,golden_retriever
688519176466644993,0.696372,Pembroke
688547210804498433,0.531279,papillon
688789766343622656,0.5996600000000001,American_Staffordshire_terrier
688804835492233216,0.199512,malinois
688828561667567616,0.6142310000000001,Cardigan
688894073864884227,,NaN
688898160958271489,0.8531700000000001,Ibizan_hound
688908934925697024,,NaN
688916208532455424,0.430544,Pembroke
689143371370250240,0.303781,English_springer
689154315265683456,0.816044,cocker_spaniel
689275259254616065,0.215161,American_Staffordshire_terrier
689280876073582592,0.6375460000000001,Chihuahua
689283819090870273,0.267979,Scotch_terrier
689289219123089408,,NaN
689517482558820352,0.799319,Pembroke
689557536375177216,0.169482,Eskimo_dog
689599056876867584,0.07310139999999997,cocker_spaniel
689623661272240129,0.279604,toy_poodle
689659372465688576,,NaN
689661964914655233,0.322818,Italian_greyhound
689835978131935233,0.600186,collie
689877686181715968,0.26915500000000003,Old_English_sheepdog
689905486972461056,0.943331,Pomeranian
689977555533848577,0.179625,Labrador_retriever
689999384604450816,0.444499,standard_poodle
690005060500217858,0.270287,Samoyed
690015576308211712,0.949609,malamute
690021994562220032,0.0406958,malamute
690248561355657216,,NaN
690360449368465409,0.686933,pug
690374419777196032,0.286345,kuvasz
690400367696297985,0.426459,Pembroke
690597161306841088,0.0974997,Lhasa
690649993829576704,0.0981708,Mexican_hairless
690690673629138944,0.08962460000000001,Maltese_dog
690728923253055490,0.422806,kuvasz
690735892932222976,0.883229,golden_retriever
690932576555528194,,NaN
690938899477221376,,NaN
690959652130045952,0.862964,golden_retriever
691090071332753408,,NaN
691096613310316544,0.441269,borzoi
691321916024623104,0.508981,Rottweiler
691416866452082688,0.530104,Lakeland_terrier
691444869282295808,0.767563,Bernese_mountain_dog
691459709405118465,0.5512060000000001,Shetland_sheepdog
691483041324204033,0.886232,bloodhound
691675652215414786,0.182898,Chihuahua
691756958957883396,0.342571,Saint_Bernard
691820333922455552,,NaN
692017291282812928,0.247565,Tibetan_terrier
692158366030913536,0.956565,pug
692187005137076224,0.810592,Siberian_husky
692417313023332352,,NaN
692530551048294401,0.486428,Siberian_husky
692535307825213440,0.41309,pug
692568918515392513,0.636845,golden_retriever
692752401762250755,0.471276,Samoyed
692828166163931137,0.985857,Samoyed
692894228850999298,0.876977,German_short-haired_pointer
692901601640583168,0.403496,soft-coated_wheaten_terrier
692905862751522816,0.162638,Mexican_hairless
692919143163629568,0.612635,Saint_Bernard
693095443459342336,0.033487800000000005,Yorkshire_terrier
693109034023534592,0.740013,cocker_spaniel
693155686491000832,0.69748,Shih-Tzu
693231807727280129,0.8764129999999999,vizsla
693262851218264065,0.989333,golden_retriever
693280720173801472,0.340008,Labrador_retriever
693486665285931008,,NaN
693590843962331137,,NaN
693622659251335168,0.449298,malamute
693629975228977152,0.841987,pug
693642232151285760,0.111893,Scottish_deerhound
693647888581312512,,NaN
693942351086120961,0.550796,groenendael
694001791655137281,0.769999,Pembroke
694183373896572928,0.08087000000000001,Pekinese
694206574471057408,0.352547,Shih-Tzu
694329668942569472,0.99006,boxer
694352839993344000,0.407886,Australian_terrier
694669722378485760,,NaN
694905863685980160,,NaN
695051054296211456,0.761454,Boston_bull
695064344191721472,,NaN
695074328191332352,0.5101060000000001,Shih-Tzu
695095422348574720,0.227784,papillon
695314793360662529,0.678547,Maltese_dog
695409464418041856,0.997445,pug
695446424020918272,0.748904,basenji
695629776980148225,0.693857,Old_English_sheepdog
695794761660297217,0.962139,Samoyed
695816827381944320,0.382234,Pomeranian
696405997980676096,0.132845,borzoi
696488710901260288,0.369063,briard
696713835009417216,0.321589,Chesapeake_Bay_retriever
696754882863349760,0.0983781,toy_poodle
696877980375769088,,NaN
696886256886657024,0.383941,kuvasz
696894894812565505,0.665628,Appenzeller
696900204696625153,0.297735,Chihuahua
697242256848379904,0.0635328,Eskimo_dog
697255105972801536,0.173989,Great_Dane
697259378236399616,0.999223,Great_Dane
697270446429966336,0.880014,toy_poodle
697482927769255936,,NaN
697575480820686848,0.119805,whippet
697596423848730625,0.621668,Shetland_sheepdog
697616773278015490,0.521931,Lhasa
697881462549430272,,NaN
697943111201378304,0.126924,Great_Dane
697990423684476929,0.984783,Pembroke
697995514407682048,0.280222,Staffordshire_bullterrier
698178924120031232,0.351868,Chesapeake_Bay_retriever
698195409219559425,0.64369,Labrador_retriever
698262614669991936,0.107948,Italian_greyhound
698342080612007937,0.8830479999999999,boxer
698355670425473025,0.990191,pug
698549713696649216,0.998544,French_bulldog
698635131305795584,0.15846400000000002,Samoyed
698703483621523456,0.931963,Brittany_spaniel
698710712454139905,0.329895,Samoyed
698907974262222848,0.983131,German_short-haired_pointer
698953797952008193,0.382378,Italian_greyhound
698989035503689728,0.24634,Norfolk_terrier
699036661657767936,0.222943,Chihuahua
699072405256409088,0.599587,Shih-Tzu
699079609774645248,0.667324,schipperke
699088579889332224,,NaN
699323444782047232,0.309696,Labrador_retriever
699370870310113280,0.337557,cairn
699413908797464576,0.517479,Samoyed
699423671849451520,0.99786,pug
699434518667751424,0.836572,golden_retriever
699446877801091073,0.9694,Pembroke
699691744225525762,,NaN
699775878809702401,0.271683,Dandie_Dinmont
699779630832685056,0.706038,malinois
699788877217865730,0.35506,Border_terrier
699801817392291840,0.808978,golden_retriever
700002074055016451,0.369488,Chihuahua
700029284593901568,0.726571,West_Highland_white_terrier
700062718104104960,,NaN
700143752053182464,0.53246,golden_retriever
700151421916807169,0.17683800000000002,Italian_greyhound
700167517596164096,0.16258499999999998,beagle
700462010979500032,0.110268,Pomeranian
700505138482569216,0.160205,Norwegian_elkhound
700518061187723268,0.569501,American_Staffordshire_terrier
700747788515020802,0.481333,Great_Pyrenees
700796979434098688,,NaN
700847567345688576,0.252514,Rhodesian_ridgeback
700864154249383937,0.8058569999999999,kuvasz
700890391244103680,0.122356,schipperke
701214700881756160,0.615163,Chihuahua
701545186879471618,0.280893,Border_collie
701570477911896070,0.90799,Yorkshire_terrier
701601587219795968,0.993661,Chihuahua
701889187134500865,0.902856,French_bulldog
701952816642965504,0.33170700000000003,toy_poodle
701981390485725185,0.491022,Pomeranian
702217446468493312,0.242419,golden_retriever
702276748847800320,0.697303,Boston_bull
702321140488925184,0.769159,West_Highland_white_terrier
702539513671897089,0.714367,Pomeranian
702598099714314240,0.219179,kelpie
702671118226825216,0.381227,bloodhound
702684942141153280,0.514085,golden_retriever
702932127499816960,,NaN
703041949650034688,,NaN
703079050210877440,0.778503,Pembroke
703268521220972544,0.038243,kuvasz
703356393781329922,0.894842,Border_collie
703382836347330562,0.945664,golden_retriever
703407252292673536,,NaN
703611486317502464,0.756441,Pembroke
703631701117943808,,NaN
703769065844768768,0.838994,boxer
703774238772166656,0.990119,Labrador_retriever
704113298707505153,,NaN
704347321748819968,0.0829173,Brittany_spaniel
704364645503647744,0.980695,Pembroke
704480331685040129,0.979206,Samoyed
704499785726889984,0.376541,Chihuahua
704761120771465216,0.100418,Chihuahua
704819833553219584,,NaN
704847917308362754,0.85724,golden_retriever
704859558691414016,0.284428,pug
705066031337840642,0.868658,Airedale
705102439679201280,0.457672,collie
705223444686888960,0.0773733,Chesapeake_Bay_retriever
705239209544720384,0.15795,Chihuahua
705428427625635840,0.774792,Chihuahua
705442520700944385,0.309106,Great_Pyrenees
705475953783398401,0.908784,golden_retriever
705591895322394625,0.877207,basenji
705898680587526145,0.808276,collie
705970349788291072,0.776346,golden_retriever
705975130514706432,0.5877640000000001,Staffordshire_bullterrier
706166467411222528,0.430418,Samoyed
706265994973601792,0.743715,papillon
706291001778950144,0.587101,Border_terrier
706310011488698368,0.6981649999999999,Pembroke
706346369204748288,0.956462,Tibetan_mastiff
706516534877929472,0.7726850000000001,golden_retriever
706538006853918722,0.541794,chow
706593038911545345,,NaN
706644897839910912,0.132928,Chihuahua
706681918348251136,0.717584,toy_poodle
706901761596989440,,NaN
707014260413456384,0.58378,Chihuahua
707021089608753152,0.559658,cocker_spaniel
707038192327901184,0.642426,pug
707059547140169728,0.8973120000000001,Samoyed
707297311098011648,0.370717,Blenheim_spaniel
707315916783140866,0.979235,Bernese_mountain_dog
707377100785885184,0.637225,golden_retriever
707387676719185920,0.888468,Chihuahua
707411934438625280,0.7382770000000001,Lakeland_terrier
707420581654872064,0.149391,kuvasz
707610948723478529,0.383223,golden_retriever
707693576495472641,,NaN
707741517457260545,0.738371,whippet
707776935007539200,0.890426,miniature_pinscher
707969809498152960,0.908491,toy_poodle
707995814724026368,,NaN
708026248782585858,0.7864680000000001,malinois
708109389455101952,0.5161060000000001,Staffordshire_bullterrier
708119489313951744,0.264483,Norwich_terrier
708130923141795840,0.710354,French_bulldog
708149363256774660,0.350993,Cardigan
708349470027751425,0.187158,basenji
708356463048204288,0.871283,pug
708469915515297792,0.748163,Chihuahua
708479650088034305,0.218479,Shih-Tzu
708711088997666817,0.0526946,German_short-haired_pointer
708738143638450176,0.933457,Pomeranian
708810915978854401,0.976139,golden_retriever
708834316713893888,0.283945,Eskimo_dog
708845821941387268,0.74564,schipperke
709042156699303936,0.0681793,Rottweiler
709158332880297985,0.212957,Siberian_husky
709207347839836162,0.948323,Chihuahua
709225125749587968,0.271109,Labrador_retriever
709409458133323776,0.79745,Shetland_sheepdog
709449600415961088,0.780187,Maltese_dog
709519240576036864,0.414982,cocker_spaniel
709556954897764353,0.790026,golden_retriever
709566166965075968,0.999837,chow
709852847387627521,0.945629,Chihuahua
709901256215666688,,NaN
709918798883774466,0.956222,Pembroke
710117014656950272,0.802092,toy_poodle
710140971284037632,0.95317,Pekinese
710153181850935296,0.00271296,cocker_spaniel
710269109699739648,0.415495,pug
710272297844797440,0.586307,Old_English_sheepdog
710283270106132480,0.932401,Shih-Tzu
710588934686908417,0.982004,Pembroke
710833117892898816,0.803742,Pembroke
710844581445812225,0.200407,Pembroke
710997087345876993,0.28126,malamute
711008018775851008,0.731405,French_bulldog
711306686208872448,0.0867925,Dandie_Dinmont
711363825979756544,0.7509060000000001,Pembroke
711652651650457602,,NaN
711694788429553666,,NaN
711732680602345472,0.334929,Ibizan_hound
711743778164514816,0.459515,Lakeland_terrier
711968124745228288,,NaN
712065007010385924,,NaN
712085617388212225,0.625129,Shih-Tzu
712092745624633345,,NaN
712097430750289920,0.720481,Labrador_retriever
712438159032893441,0.069457,Great_Pyrenees
712668654853337088,0.829058,Labrador_retriever
712717840512598017,0.732043,Great_Pyrenees
712809025985978368,0.8686709999999999,Labrador_retriever
713175907180089344,0.430624,malamute
713177543487135744,0.734244,whippet
713411074226274305,0.720337,Great_Pyrenees
713761197720473600,0.797936,Brittany_spaniel
713919462244790272,0.463223,Siberian_husky
714141408463036416,0.586951,Labrador_retriever
714214115368108032,0.533967,pug
714251586676113411,0.751962,soft-coated_wheaten_terrier
714258258790387713,0.176758,collie
714606013974974464,0.293007,Norfolk_terrier
714631576617938945,,NaN
714957620017307648,0.251516,Great_Pyrenees
714982300363173890,0.944376,Brittany_spaniel
715009755312439296,0.142288,Chihuahua
715200624753819648,0.956787,Chihuahua
715220193576927233,0.584026,Chihuahua
715342466308784130,0.597111,West_Highland_white_terrier
715360349751484417,,NaN
715680795826982913,0.990715,golden_retriever
715696743237730304,0.427836,Staffordshire_bullterrier
715733265223708672,0.740229,Dandie_Dinmont
715928423106027520,0.976685,pug
716080869887381504,0.638625,golden_retriever
716285507865542656,0.43042,Yorkshire_terrier
716791146589110272,0.468751,Pomeranian
716802964044845056,0.619577,malinois
717009362452090881,0.506154,Siberian_husky
717047459982213120,0.983548,golden_retriever
717421804990701568,0.286479,miniature_pinscher
717537687239008257,0.779356,golden_retriever
717790033953034240,,NaN
717841801130979328,0.922876,Brittany_spaniel
718234618122661888,0.370152,malamute
718246886998687744,0.354488,Chihuahua
718454725339934721,,NaN
718460005985447936,0.252781,Boston_bull
718540630683709445,0.632289,Maltese_dog
718613305783398402,0.58458,Labrador_retriever
718631497683582976,0.993718,Pomeranian
718939241951195136,0.7663270000000001,Pembroke
718971898235854848,0.14039400000000002,golden_retriever
719332531645071360,0.224415,Dandie_Dinmont
719339463458033665,0.765778,golden_retriever
719367763014393856,0.050971,soft-coated_wheaten_terrier
719551379208073216,0.873233,malamute
719704490224398336,,NaN
719991154352222208,0.605304,golden_retriever
720043174954147842,0.954517,Samoyed
720059472081784833,0.451852,Mexican_hairless
720340705894408192,,NaN
720389942216527872,0.873977,Pembroke
720415127506415616,0.990312,Rottweiler
720775346191278080,0.48997,Newfoundland
720785406564900865,0.8964219999999999,Chihuahua
721001180231503872,0.950053,Samoyed
721503162398597120,0.99775,Pomeranian
722613351520608256,0.5309149999999999,Labrador_retriever
723179728551723008,0.0568505,Norwegian_elkhound
723673163800948736,0.83939,golden_retriever
723688335806480385,0.0890102,chow
723912936180330496,0.991772,Samoyed
724004602748780546,0.0188769,pug
724046343203856385,0.8262719999999999,boxer
724049859469295616,0.581835,Border_collie
724405726123311104,0.240695,golden_retriever
724771698126512129,0.835491,German_short-haired_pointer
724983749226668032,0.67575,golden_retriever
725729321944506368,0.599076,boxer
725786712245440512,0.33576100000000003,chow
725842289046749185,0.420463,toy_poodle
726224900189511680,0.261112,standard_poodle
726828223124897792,0.255327,miniature_pinscher
726887082820554753,0.5159189999999999,soft-coated_wheaten_terrier
726935089318363137,0.083749,toy_poodle
727175381690781696,0.656463,flat-coated_retriever
727286334147182592,0.0705542,Chihuahua
727314416056803329,0.827469,toy_poodle
727524757080539137,0.958834,Pomeranian
727644517743104000,0.457164,Great_Pyrenees
727685679342333952,0.462408,Border_collie
728015554473250816,0.384559,cocker_spaniel
728035342121635841,0.248664,Pomeranian
728046963732717569,0.255971,Newfoundland
728387165835677696,0.266414,collie
728409960103686147,0.0942456,Saint_Bernard
728653952833728512,,NaN
728751179681943552,0.48205,Saint_Bernard
728760639972315136,0.939134,Pembroke
728986383096946689,0.95207,Maltese_dog
729113531270991872,,NaN
729463711119904772,0.829307,German_shepherd
729823566028484608,0.218408,kelpie
729854734790754305,,NaN
730196704625098752,,NaN
730211855403241472,0.341663,pug
730427201120833536,0.682082,Eskimo_dog
730573383004487680,0.810158,American_Staffordshire_terrier
730924654643314689,0.0862411,Newfoundland
731285275100512256,0.967103,Pembroke
732005617171337216,0.677408,English_setter
732375214819057664,0.000547053,basset
732585889486888962,0.843359,Staffordshire_bullterrier
732726085725589504,0.961902,Pomeranian
732732193018155009,0.127969,Staffordshire_bullterrier
733109485275860992,0.945523,golden_retriever
733460102733135873,0.931275,chow
733482008106668032,0.619382,French_bulldog
733822306246479872,0.457356,Lhasa
733828123016450049,0.472324,beagle
734776360183431168,0.304902,Siberian_husky
734787690684657664,0.883991,golden_retriever
734912297295085568,0.847292,Maltese_dog
735137028879360001,0.413535,Walker_hound
735256018284875776,0.523191,Staffordshire_bullterrier
735274964362878976,,NaN
735635087207878657,0.8918709999999999,pug
735648611367784448,0.462594,Pembroke
735991953473572864,0.961643,cocker_spaniel
736010884653420544,0.553901,golden_retriever
736225175608430592,0.399217,Labrador_retriever
736365877722001409,0.082606,toy_poodle
736736130620620800,0.545502,schipperke
737310737551491075,,NaN
737322739594330112,,NaN
737445876994609152,0.400568,Samoyed
737678689543020544,0.935307,Pembroke
737800304142471168,0.374682,malamute
737826014890496000,0.990391,vizsla
738156290900254721,0.751758,pug
738166403467907072,0.8788860000000001,keeshond
738184450748633089,0.289471,Bedlington_terrier
738402415918125056,0.346695,cocker_spaniel
738537504001953792,0.808737,chow
738883359779196928,0.691137,Labrador_retriever
738885046782832640,0.0155351,American_Staffordshire_terrier
739238157791694849,0.503372,Eskimo_dog
739485634323156992,0.640256,Walker_hound
739544079319588864,0.967397,Labrador_retriever
739606147276148736,0.933755,Blenheim_spaniel
739844404073074688,0.342397,toy_poodle
739932936087216128,0.243904,redbone
739979191639244800,0.2858,Irish_water_spaniel
740214038584557568,0.586414,Chesapeake_Bay_retriever
740359016048689152,0.8636870000000001,golden_retriever
740365076218183684,,NaN
740676976021798912,0.275225,Norwegian_elkhound
740699697422163968,,NaN
740711788199743490,0.388277,toy_poodle
740995100998766593,0.454363,malamute
741067306818797568,0.843799,golden_retriever
741303864243200000,0.7681560000000001,Chihuahua
741438259667034112,0.292675,Chesapeake_Bay_retriever
741743634094141440,0.786089,Labrador_retriever
741793263812808706,0.311325,kuvasz
742150209887731712,0.07141439999999999,French_bulldog
742161199639494656,,NaN
742385895052087300,0.5669109999999999,Cardigan
742423170473463808,0.99731,pug
742465774154047488,,NaN
742528092657332225,,NaN
743210557239623680,0.930705,golden_retriever
743222593470234624,0.350629,kuvasz
743253157753532416,0.442612,malamute
743510151680958465,,NaN
743545585370791937,0.06058350000000001,standard_poodle
743595368194129920,,NaN
743609206067040256,0.982794,Weimaraner
743895849529389061,0.562315,dalmatian
743980027717509120,0.97573,bull_mastiff
744234799360020481,0.825333,Labrador_retriever
744334592493166593,0.960543,Samoyed
744709971296780288,0.234431,Shetland_sheepdog
744971049620602880,0.497755,toy_poodle
744995568523612160,0.4274810000000001,Old_English_sheepdog
745057283344719872,0.963985,Shetland_sheepdog
745314880350101504,,NaN
745422732645535745,0.6638,Labrador_retriever
745433870967832576,1.44895e-05,basset
745712589599014916,0.06275449999999999,chow
745789745784041472,0.984267,Pekinese
746056683365994496,0.43332,Shetland_sheepdog
746131877086527488,0.575637,chow
746369468511756288,0.622957,German_shepherd
746507379341139972,0.508292,toy_poodle
746726898085036033,0.25650500000000004,golden_retriever
746790600704425984,0.936183,Boston_bull
746872823977771008,0.540201,Pembroke
747103485104099331,0.991954,Labrador_retriever
747204161125646336,,NaN
747219827526344708,0.548018,Shetland_sheepdog
747461612269887489,,NaN
747512671126323200,0.111493,Cardigan
747594051852075008,0.389136,basenji
747600769478692864,0.804363,Chesapeake_Bay_retriever
747816857231626240,0.7689229999999999,Pembroke
747844099428986880,0.360428,Pembroke
747885874273214464,0.40845,kuvasz
747933425676525569,0.998201,Samoyed
747963614829678593,0.307672,kelpie
748307329658011649,,NaN
748324050481647620,0.880499,Shetland_sheepdog
748346686624440324,0.5964550000000001,borzoi
748568946752774144,0.32816100000000004,Tibetan_terrier
748575535303884801,0.0864988,soft-coated_wheaten_terrier
748692773788876800,,NaN
748699167502000129,0.849029,Pembroke
748705597323898880,,NaN
748932637671223296,0.742912,borzoi
748977405889503236,0.742216,German_short-haired_pointer
749036806121881602,0.0195223,West_Highland_white_terrier
749064354620928000,0.985222,pug
749317047558017024,0.155144,wire-haired_fox_terrier
749395845976588288,0.973715,Pomeranian
749403093750648834,0.694541,Chesapeake_Bay_retriever
749417653287129088,0.772894,papillon
749774190421639168,0.8790120000000001,Pekinese
749981277374128128,,NaN
749996283729883136,0.515319,Old_English_sheepdog
750011400160841729,0.0871498,Boston_bull
750026558547456000,0.258732,standard_poodle
750041628174217216,0.252031,Labrador_retriever
750056684286914561,0.484428,Saluki
750071704093859840,0.382113,redbone
750086836815486976,0.978277,pug
750101899009982464,0.316704,golden_retriever
750117059602808832,0.814405,Shih-Tzu
750132105863102464,0.4780180000000001,toy_poodle
750147208377409536,0.977765,pug
750383411068534784,0.672791,Border_collie
750429297815552001,0.964929,golden_retriever
750506206503038976,,NaN
750719632563142656,0.972587,Pembroke
750868782890057730,0.912648,toy_poodle
751132876104687617,0.92939,Labrador_retriever
751205363882532864,0.947164,Labrador_retriever
751251247299190784,0.178852,Walker_hound
751456908746354688,0.714409,golden_retriever
751538714308972544,0.516257,Labrador_retriever
751583847268179968,0.8683040000000001,dalmatian
751598357617971201,0.757756,toy_poodle
751830394383790080,0.703569,chow
751937170840121344,0.4241680000000001,Lakeland_terrier
752173152931807232,0.527659,Labrador_retriever
752334515931054080,0.399163,Bedlington_terrier
752519690950500352,1.00288e-05,Labrador_retriever
752660715232722944,0.0505118,English_setter
752682090207055872,0.299966,German_shepherd
752917284578922496,0.609283,German_shepherd
753026973505581056,0.868511,Pembroke
753294487569522689,0.194773,chow
753375668877008896,0.36007100000000003,bluetick
753398408988139520,0.163794,whippet
753420520834629632,,NaN
753655901052166144,0.456092,miniature_pinscher
754120377874386944,0.168909,chow
754449512966619136,0.858513,beagle
822859134160621569,0.332897,malinois
822872901745569793,0.196015,Lakeland_terrier
822975315408461824,0.233162,Pembroke
823322678127919110,0.00183635,Chihuahua
823581115634085888,0.194044,German_shepherd
823699002998870016,0.203999,cairn
823939628516474880,0.23407600000000006,schipperke
824297048279236611,,NaN
824325613288833024,0.990793,Pembroke
824663926340194305,0.526488,English_setter
824775126675836928,0.610499,Border_terrier
825026590719483904,0.524454,Eskimo_dog
825147591692263424,0.354823,Pekinese
825535076884762624,0.681495,Rottweiler
825829644528148480,0.8534069999999999,Great_Pyrenees
825876512159186944,,NaN
826115272272650244,0.00233085,golden_retriever
826204788643753985,0.782058,Labrador_retriever
826240494070030336,0.903048,French_bulldog
826476773533745153,0.7418600000000001,German_shepherd
826598365270007810,0.628119,French_bulldog
826848821049180160,0.858764,Great_Pyrenees
826958653328592898,0.6173890000000001,golden_retriever
827199976799354881,0.8696809999999999,Great_Dane
827324948884643840,0.352486,golden_retriever
827600520311402496,0.32563800000000004,Pembroke
827653905312006145,0.285555,collie
827933404142436356,0.8061149999999999,German_shepherd
828011680017821696,0.936662,American_Staffordshire_terrier
828046555563323392,,NaN
828372645993398273,0.663047,malamute
828376505180889089,0.5230859999999999,American_Staffordshire_terrier
828381636999917570,0.392535,Bedlington_terrier
828408677031882754,0.13303299999999998,Weimaraner
828409743546925057,0.0180398,toy_poodle
828650029636317184,0.649209,golden_retriever
828708714936930305,0.00838837,Mexican_hairless
828770345708580865,0.0338986,Chesapeake_Bay_retriever
829011960981237760,0.312221,boxer
829141528400556032,0.57314,golden_retriever
829449946868879360,0.315163,Labrador_retriever
829501995190984704,0.950851,French_bulldog
829861396166877184,0.394486,Border_terrier
830097400375152640,0.442713,toy_poodle
830583320585068544,0.908703,Labrador_retriever
830956169170665475,0.451516,kuvasz
831262627380748289,0.26332300000000003,cocker_spaniel
831309418084069378,0.369389,Doberman
831315979191906304,0.982755,briard
831322785565769729,0.999715,Old_English_sheepdog
831552930092285952,0.257415,Chihuahua
831650051525054464,0.530416,Eskimo_dog
831670449226514432,0.6248020000000001,Pembroke
831911600680497154,0.777562,bloodhound
831939777352105988,0.153862,Pomeranian
832032802820481025,0.601712,whippet
832273440279240704,0.134081,Pembroke
832369877331693569,0.50469,kelpie
832397543355072512,0.988916,Pekinese
832636094638288896,0.5250319999999999,Eskimo_dog
832757312314028032,0.160888,Cardigan
832998151111966721,0.539036,boxer
833124694597443584,0.7105229999999999,Cardigan
833479644947025920,0.727039,golden_retriever
833722901757046785,0.918144,West_Highland_white_terrier
833826103416520705,0.438054,Chihuahua
833863086058651648,0.494969,kuvasz
834086379323871233,0.0452627,Labrador_retriever
834167344700198914,,NaN
834209720923721728,0.754799,golden_retriever
834458053273591808,0.468619,Rhodesian_ridgeback
834574053763584002,0.226564,golden_retriever
834786237630337024,0.156276,Border_terrier
834931633769889797,0.196476,soft-coated_wheaten_terrier
835152434251116546,0.0127309,American_Staffordshire_terrier
835172783151792128,0.663138,Border_collie
835264098648616962,0.0875033,Chesapeake_Bay_retriever
835297930240217089,0.341276,Rottweiler
835574547218894849,0.6106550000000001,Staffordshire_bullterrier
836001077879255040,0.963558,Samoyed
836260088725786625,0.564688,borzoi
836380477523124226,,NaN
836677758902222849,,NaN
836753516572119041,0.0115635,schipperke
836989968035819520,0.005887300000000001,toy_poodle
837110210464448512,0.767696,Siberian_husky
837471256429613056,0.976255,Norwegian_elkhound
837482249356513284,,NaN
837820167694528512,0.887625,golden_retriever
838083903487373313,0.800975,chow
838476387338051585,0.997692,Great_Pyrenees
838561493054533637,0.216562,kelpie
838921590096166913,0.664538,Border_terrier
839239871831150596,0.927021,Leonberg
839549326359670784,0.05248,Norwich_terrier
839990271299457024,0.604938,Staffordshire_bullterrier
840268004936019968,0.8639870000000001,Chesapeake_Bay_retriever
840370681858686976,,NaN
840632337062862849,0.711148,golden_retriever
840696689258311684,,NaN
841077006473256960,0.962985,Brittany_spaniel
841314665196081154,0.903712,Afghan_hound
841439858740625411,0.0481999,Labrador_retriever
841680585030541313,0.547401,Chihuahua
842115215311396866,0.293493,chow
842163532590374912,0.891227,French_bulldog
842535590457499648,0.685084,Pembroke
842765311967449089,0.0293399,Labrador_retriever
842846295480000512,0.461076,Labrador_retriever
843235543001513987,0.958452,Pembroke
843604394117681152,0.430583,Labrador_retriever
843856843873095681,0.92254,Labrador_retriever
844223788422217728,0.71951,Labrador_retriever
844580511645339650,,NaN
844973813909606400,0.742421,Labrador_retriever
845306882940190720,0.567475,Irish_water_spaniel
845397057150107648,0.394404,Dandie_Dinmont
845677943972139009,0.8086810000000001,chow
845812042753855489,0.979803,Samoyed
846042936437604353,0.96111,golden_retriever
846153765933735936,0.346468,giant_schnauzer
846514051647705089,0.650003,golden_retriever
846874817362120707,0.450539,Shetland_sheepdog
847116187444137987,0.113434,American_Staffordshire_terrier
847157206088847362,0.21960900000000005,Staffordshire_bullterrier
847251039262605312,0.49538,Airedale
847606175596138505,0.413688,Cardigan
847842811428974592,0.951337,Bernese_mountain_dog
847962785489326080,,NaN
848212111729840128,0.333486,Bedlington_terrier
848324959059550208,0.5445760000000001,malamute
848690551926992896,0.8236479999999999,flat-coated_retriever
849051919805034497,,NaN
849336543269576704,,NaN
849412302885593088,0.907559,schipperke
849776966551130114,0.292092,Chihuahua
850019790995546112,0.759907,Shetland_sheepdog
850145622816686080,0.10539,kelpie
850380195714523136,0.249012,Yorkshire_terrier
850753642995093505,0.996952,pug
851224888060895234,0.00568265,standard_poodle
851464819735769094,,NaN
851591660324737024,0.394507,Cardigan
852189679701164033,0.415374,Bernese_mountain_dog
852226086759018497,,NaN
852311364735569921,,NaN
852553447878664193,0.186498,bloodhound
852672615818899456,0.7112350000000001,golden_retriever
852912242202992640,0.7837649999999999,Great_Dane
853299958564483072,,NaN
853639147608842240,0.509879,German_shepherd
853760880890318849,0.29251900000000003,miniature_pinscher
854010172552949760,0.354733,English_springer
854120357044912130,0.8548610000000001,black-and-tan_coonhound
854365224396361728,0.90708,Pembroke
854482394044301312,0.26024200000000003,Chihuahua
854732716440526848,0.6955479999999999,Pembroke
855459453768019968,0.389513,Blenheim_spaniel
855851453814013952,0.321676,flat-coated_retriever
856282028240666624,0.8765430000000001,Chihuahua
856543823941562368,0.30691,Boston_bull
857029823797047296,0.968623,golden_retriever
857263160327368704,0.998021,Samoyed
857393404942143489,0.8415969999999999,malamute
857746408056729600,0.919832,Labrador_retriever
857989990357356544,0.43258,French_bulldog
858107933456039936,0.863874,golden_retriever
858471635011153920,0.987407,Pembroke
858843525470990336,0.57812,golden_retriever
859074603037188101,,NaN
859196978902773760,0.216163,malamute
859607811541651456,0.8955290000000001,golden_retriever
859851578198683649,0.899086,Labrador_retriever
859924526012018688,0.254587,French_bulldog
860184849394610176,,NaN
860276583193509888,,NaN
860524505164394496,0.286558,Bedlington_terrier
860563773140209665,0.583936,Cardigan
861005113778896900,0.507951,German_shepherd
861288531465048066,0.0826102,Bouvier_des_Flandres
861383897657036800,0.771008,Cardigan
862096992088072192,0.677589,chow
862457590147678208,,NaN
862722525377298433,0.39333,basset
862831371563274240,0.207281,Australian_terrier
863062471531167744,0.935804,French_bulldog
863432100342583297,0.690517,Staffordshire_bullterrier
863553081350529029,0.41333,Eskimo_dog
863907417377173506,,NaN
864197398364647424,0.945905,golden_retriever
864279568663928832,0.668613,bull_mastiff
864873206498414592,,NaN
865006731092295680,0.989882,Pembroke
865359393868664832,0.832435,Chesapeake_Bay_retriever
865718153858494464,0.673664,golden_retriever
866334964761202691,0.984086,Samoyed
866450705531457537,0.905334,French_bulldog
866686824827068416,0.51473,flat-coated_retriever
867051520902168576,0.471403,Samoyed
867421006826221569,0.6164569999999999,Eskimo_dog
867774946302451713,0.661953,Border_collie
867900495410671616,0.522644,Labrador_retriever
868552278524837888,0.378151,whippet
868622495443632128,0.868107,Labrador_retriever
868880397819494401,0.0999839,French_bulldog
869227993411051520,0.664181,Pembroke
869596645499047938,0.955156,Chihuahua
869702957897576449,0.993449,Pembroke
869772420881756160,0.980148,Pembroke
870063196459192321,,NaN
870308999962521604,0.6227520000000001,Greater_Swiss_Mountain_dog
870374049280663552,0.841001,golden_retriever
870656317836468226,0.945495,Pembroke
870804317367881728,,NaN
871032628920680449,0.3980530000000001,kelpie
871515927908634625,0.974781,komondor
871762521631449091,0.921393,Labrador_retriever
871879754684805121,0.969171,Shetland_sheepdog
872122724285648897,0.06673630000000001,pug
872486979161796608,0.931861,Pembroke
872620804844003328,0.513191,cocker_spaniel
872820683541237760,0.99912,pug
872967104147763200,0.476913,Labrador_retriever
873213775632977920,0.6197819999999999,vizsla
873580283840344065,0.678537,Newfoundland
874012996292530176,0.806674,Cardigan
874057562936811520,0.8321770000000001,flat-coated_retriever
874296783580663808,0.437216,cocker_spaniel
874680097055178752,0.836052,Labrador_retriever
875021211251597312,0.7143189999999999,West_Highland_white_terrier
875144289856114688,0.245048,Siberian_husky
875747767867523072,0.799551,Labrador_retriever
876120275196170240,0.534327,Bernese_mountain_dog
876484053909872640,0.874566,golden_retriever
876838120628539392,0.575751,bloodhound
877201837425926144,0.93112,Pembroke
877316821321428993,0.5099670000000001,Saluki
877556246731214848,0.995368,basset
877736472329191424,0.8379559999999999,Chesapeake_Bay_retriever
878057613040115712,0.839097,French_bulldog
878281511006478336,0.32042,basset
878776093423087618,0.734684,Italian_greyhound
879008229531029506,0.960513,vizsla
879050749262655488,,NaN
879376492567855104,0.0334961,Labrador_retriever
879415818425184262,0.383404,English_springer
879492040517615616,0.479896,German_short-haired_pointer
879862464715927552,0.813507,basset
880095782870896641,0.120298,miniature_pinscher
880221127280381952,0.238525,Chihuahua
880465832366813184,0.913255,golden_retriever
880872448815771648,0.791416,Pembroke
880935762899988482,,NaN
881268444196462592,,NaN
881536004380872706,0.281463,Samoyed
881666595344535552,0.529012,Saluki
881906580714921986,0.291539,Weimaraner
882045870035918850,0.00694063,golden_retriever
882268110199369728,0.762211,golden_retriever
882627270321602560,0.542982,Pembroke
882762694511734784,0.85005,Labrador_retriever
882992080364220416,0.466778,Eskimo_dog
883117836046086144,0.949562,golden_retriever
883360690899218434,0.987997,chow
883482846933004288,0.943082,golden_retriever
883838122936631299,0.610946,Doberman
884162670584377345,0.707046,German_shepherd
884441805382717440,0.993225,Pembroke
884562892145688576,0.5464060000000001,pug
884876753390489601,0.822103,chow
884925521741709313,0.259916,Italian_greyhound
885167619883638784,0.8124819999999999,malamute
885528943205470208,0.369275,pug
885984800019947520,0.972494,Blenheim_spaniel
886258384151887873,0.943575,pug
886366144734445568,0.999201,French_bulldog
886680336477933568,,NaN
886736880519319552,0.309706,kuvasz
886983233522544640,0.793469,Chihuahua
887101392804085760,0.733942,Samoyed
887343217045368832,0.330741,Mexican_hairless
887473957103951883,0.809197,Pembroke
887517139158093824,,NaN
887705289381826560,0.821664,basset
888078434458587136,0.995026,French_bulldog
888554962724278272,0.700377,Siberian_husky
888804989199671297,0.46976,golden_retriever
888917238123831296,0.714719,golden_retriever
889278841981685760,0.626152,whippet
889531135344209921,0.953442,golden_retriever
889638837579907072,0.99165,French_bulldog
889665388333682689,0.966327,Pembroke
889880896479866881,0.377417,French_bulldog
890006608113172480,0.957979,Samoyed
890240255349198849,0.511319,Pembroke
890609185150312448,0.487574,Irish_terrier
890729181411237888,0.566142,Pomeranian
890971913173991426,0.34170300000000003,Appenzeller
891087950875897856,0.425595,Chesapeake_Bay_retriever
891327558926688256,0.555712,basset
891689557279858688,0.168086,Labrador_retriever
891815181378084864,0.716012,Chihuahua
892177421306343426,0.323581,Chihuahua
892420643555336193,,NaN
