tweet_id,rt_count,f_count
666020888022790149,444,2345
666029285002620928,41,118
666033412701032449,39,107
666044226329800704,122,260
666049248165822465,38,94
666050758794694657,51,119
666051853826850816,743,1087
666055525042405380,211,398
666057090499244032,118,263
666058600524156928,50,103
666063827256086533,190,433
666071193221509120,52,134
666073100786774016,140,282
666082916733198337,41,101
666094000022159362,66,152
666099513787052032,57,140
666102155909144576,11,69
666104133288665088,5749,13180
666268910803644416,32,93
666273097616637952,70,156
666293911632134144,308,450
666337882303524864,81,174
666345417576210432,128,266
666353288456101888,63,192
666362758909284353,496,694
666373753744588802,76,168
666396247373291520,72,153
666407126856765440,31,98
666411507551481857,285,392
666418789513326592,40,110
666421158376562688,97,291
666428276349472768,72,149
666430724426358785,172,288
666435652385423360,45,147
666437273139982337,42,110
666447344410484738,18,94
666454714377183233,192,468
666644823164719104,73,217
666649482315059201,566,1027
666691418707132416,44,170
666701168228331520,194,390
666739327293083650,60,218
666776908487630848,155,319
666781792255496192,174,354
666786068205871104,437,687
666804364988780544,84,216
666817836334096384,230,471
666826780179869698,82,237
673919437611909120,343,1102
673956914389192708,884,1830
674008982932058114,327,1127
674014384960745472,591,1465
674019345211760640,283,1064
674024893172875264,1136,1664
674036086168010753,189,804
674038233588723717,394,1033
674042553264685056,116,677
674045139690631169,595,1320
674051556661161984,456,1362
674053186244734976,1195,3093
674063288070742018,2017,5967
674075285688614912,261,934
674082852460433408,151,718
674255168825880576,499,1370
674262580978937856,419,1236
674265582246694913,779,1526
674269164442398721,213,858
674271431610523648,678,1459
674291837063053312,5423,13751
674318007229923329,479,1324
674372068062928900,294,800
674394782723014656,525,1413
674410619106390016,425,1134
674416750885273600,126,649
674422304705744896,498,1345
674436901579923456,360,1039
674447403907457024,333,999
674468880899788800,1884,5856
674632714662858753,533,1409
674638615994089473,543,1583
674644256330530816,254,973
674646392044941312,451,1351
674664755118911488,224,858
674670581682434048,602,1512
674690135443775488,438,1072
674737130913071104,81,606
674739953134403584,357,1029
674743008475090944,503,1308
674752233200820224,426,1368
674764817387900928,217,744
674767892831932416,726,1704
674774481756377088,436,1035
674781762103414784,1108,1886
674788554665512960,194,760
674790488185167872,231,1036
674800520222154752,794,2829
674805413498527744,333,805
675003128568291329,429,1466
675006312288268288,208,919
675015141583413248,1100,2534
675047298674663426,297,992
675109292475830276,1050,2633
675111688094527488,232,901
675113801096802304,731,1829
675135153782571009,440,1222
675145476954566656,834,2013
675146535592706048,272,1112
675147105808306176,216,886
675149409102012420,1581,3510
675153376133427200,2396,5872
675166823650848770,1469,3334
675334060156301312,1203,2605
675354435921575936,15643,30641
675362609739206656,211,998
675372240448454658,488,1595
675432746517426176,534,1430
675483430902214656,906,1737
675489971617296384,556,1215
675497103322386432,1207,2958
675501075957489664,5483,16207
675517828909424640,436,1220
675522403582218240,266,980
675531475945709568,358,1119
675534494439489536,382,1742
675706639471788032,87,615
675710890956750848,763,1774
675740360753160193,317,1110
675781562965868544,438,1533
675798442703122432,3209,9693
675820929667219457,223,990
675822767435051008,505,1438
675845657354215424,818,2145
675878199931371520,1313,3948
675888385639251968,889,2246
675891555769696257,804,2011
675898130735476737,531,1528
676089483918516224,410,1241
676098748976615425,1318,2828
676101918813499392,1099,2680
676146341966438401,626,1819
676191832485810177,971,2148
676215927814406144,540,1643
676219687039057920,29184,72545
676237365392908289,265,1146
676263575653122048,507,1983
676430933382295552,319,1329
676440007570247681,620,1637
676470639084101634,4405,11036
676496375194980353,501,1447
676533798876651520,519,1783
676575501977128964,1052,2440
676582956622721024,256,1128
676588346097852417,736,2192
676603393314578432,360,1104
676606785097199616,409,1807
676613908052996102,187,1032
676617503762681856,899,2730
676776431406465024,1908,4746
676811746707918848,405,1358
676819651066732545,624,1731
676821958043033607,14600,21708
676864501615042560,662,1984
676897532954456065,686,2134
676936541936185344,4671,12105
676942428000112642,703,1967
676946864479084545,344,1647
676948236477857792,812,2052
676949632774234114,372,1246
676957860086095872,768,2129
676975532580409345,1010,2635
677187300187611136,859,2592
677228873407442944,1549,3378
677269281705472000,669,1878
677301033169788928,382,1170
677314812125323265,504,1572
677328882937298944,1424,3482
677331501395156992,222,1038
677334615166730240,269,1280
677530072887205888,217,1018
677547928504967168,3475,6599
677557565589463040,1091,2334
677565715327688705,434,1240
677573743309385728,658,2038
677644091929329666,763,1773
677662372920729601,894,1852
677673981332312066,1418,3167
677687604918272002,798,2380
677698403548192770,303,1174
677700003327029250,1365,3229
677895101218201600,1957,4592
677918531514703872,385,1275
678021115718029313,5966,12960
678255464182861824,348,1515
678278586130948096,5777,10912
678334497360859136,236,1238
678341075375947776,506,1647
678380236862578688,852,2318
678389028614488064,401,1775
678396796259975168,396,1522
678399652199309312,30137,76548
678410210315247616,1706,4009
678424312106393600,2413,5220
678446151570427904,1452,3824
678643457146150913,383,1964
678675843183484930,1387,2730
678740035362037760,1573,3583
678755239630127104,3100,6769
678764513869611008,443,1555
678767140346941444,1291,3372
678774928607469569,858,2689
678798276842360832,1096,3311
678800283649069056,855,2463
678969228704284672,433,1563
678991772295516161,1095,2180
679047485189439488,627,2152
679062614270468097,7647,16221
679111216690831360,2455,5701
679132435750195208,1101,2854
679148763231985668,972,2674
679158373988876288,7639,20373
679462823135686656,17845,30190
679475951516934144,611,2009
679503373272485890,1398,3038
679511351870550016,1201,3234
679527802031484928,687,2532
679530280114372609,1979,4573
679722016581222400,448,1599
679729593985699840,789,2078
679736210798047232,752,2006
679777920601223168,1045,2993
679828447187857408,13345,34736
679844490799091713,723,2278
679854723806179328,1166,2745
679862121895714818,590,2367
679877062409191424,620,1899
680070545539371008,819,2489
680085611152338944,8578,12319
680100725817409536,1309,3456
680115823365742593,864,2616
680130881361686529,897,2207
680145970311643136,1666,3466
680161097740095489,703,2239
680176173301628928,1472,3742
680191257256136705,478,2075
680206703334408192,1108,2721
680221482581123072,281,1421
680440374763077632,477,1402
680473011644985345,720,2450
680494726643068929,463,1659
680497766108381184,1820,4076
680583894916304897,1266,3486
680609293079592961,664,2523
680798457301471234,988,2740
680801747103793152,781,2292
680836378243002368,1257,3323
680889648562991104,352,1699
680913438424612864,591,2321
680934982542561280,415,2012
680940246314430465,993,3068
680959110691590145,1915,4416
680970795137544192,623,2322
681193455364796417,1405,3556
681231109724700672,464,2323
681242418453299201,502,1430
681261549936340994,254,1405
681281657291280384,1051,3110
681297372102656000,906,3090
681302363064414209,1732,3776
681320187870711809,707,2544
681339448655802368,3905,8943
681523177663676416,5486,13740
681579835668455424,1241,3411
681610798867845120,444,1824
681654059175129088,871,2527
681679526984871937,421,1697
681694085539872773,3871,12324
681891461017812993,779,2383
681981167097122816,988,2702
682003177596559360,1449,3001
682032003584274432,1898,6330
682047327939461121,898,3073
682059653698686977,1599,4748
682242692827447297,1096,3108
682259524040966145,1140,3985
682303737705140231,932,2949
682389078323662849,448,1605
682393905736888321,637,2158
682406705142087680,1676,7281
682429480204398592,1103,3315
682638830361513985,564,1989
682662431982772225,1032,2940
682697186228989953,349,1265
682750546109968385,418,1461
682788441537560576,1064,2392
683030066213818368,713,2087
683078886620553216,546,1929
683098815881154561,627,2095
683111407806746624,874,3279
683142553609318400,993,2762
683357973142474752,875,2789
683391852557561860,2295,7359
683449695444799489,1541,3738
683462770029932544,645,2337
683481228088049664,957,2572
683498322573824003,925,3059
683742671509258241,3172,6234
683773439333797890,1289,3227
683828599284170753,1013,2700
683834909291606017,1074,2533
683849932751646720,912,2521
683852578183077888,331,1875
683857920510050305,1074,3672
684097758874210310,1378,3963
684122891630342144,449,1930
684177701129875456,632,1949
684188786104872960,1113,3371
684195085588783105,487,1838
684200372118904832,997,2076
684241637099323392,3130,7824
684460069371654144,537,1906
684481074559381504,1124,3736
684567543613382656,1160,2900
684594889858887680,3353,8560
684800227459624960,956,2630
684880619965411328,771,2007
684902183876321280,506,1800
684914660081053696,1395,3373
684926975086034944,446,3364
684940049151070208,998,3089
684959798585110529,2995,6566
685169283572338688,1369,3967
685198997565345792,641,2251
685268753634967552,1146,2986
685307451701334016,420,2006
685315239903100929,1001,3172
685321586178670592,602,2553
685325112850124800,3792,9093
685532292383666176,1107,2926
685547936038666240,14918,31714
685641971164143616,740,2815
685663452032069632,1394,3109
685667379192414208,543,2274
685906723014619143,2741,7217
685943807276412928,566,1572
685973236358713344,497,2024
686003207160610816,594,1765
686007916130873345,392,2394
686034024800862208,1096,2964
686050296934563840,699,2147
686358356425093120,635,2098
686377065986265092,545,2138
686386521809772549,848,3150
686606069955735556,523,1822
686618349602762752,1305,3566
686683045143953408,770,2727
686730991906516992,1150,3995
686749460672679938,1389,3357
686947101016735744,3063,8333
687096057537363968,582,2159
687102708889812993,931,2267
687109925361856513,2354,5613
687124485711986689,486,2111
687127927494963200,2169,5235
687312378585812992,1823,4211
687317306314240000,8785,19441
687460506001633280,521,1992
687476254459715584,512,1918
687480748861947905,229,1551
687494652870668288,554,1835
687664829264453632,490,1876
687704180304273409,806,2354
687807801670897665,686,2303
687818504314159109,915,2397
687826841265172480,1077,2661
688064179421470721,347,1675
688116655151435777,742,2727
688179443353796608,561,2063
688211956440801280,793,2166
688385280030670848,4283,8943
688519176466644993,702,2242
688547210804498433,668,2500
688789766343622656,634,2144
688804835492233216,182,931
688828561667567616,351,1337
688894073864884227,656,2170
688898160958271489,749,2025
688908934925697024,734,2039
688916208532455424,825,2620
689143371370250240,483,1957
689154315265683456,951,2980
689275259254616065,235,1104
689280876073582592,677,1917
689283819090870273,1057,3149
689289219123089408,892,2177
689517482558820352,1373,3281
689557536375177216,436,1984
689599056876867584,5276,11240
689623661272240129,619,2151
689659372465688576,3681,10003
689661964914655233,898,3122
689835978131935233,721,2102
689877686181715968,1111,2934
689905486972461056,669,2369
689977555533848577,430,1328
689999384604450816,353,1364
690005060500217858,1615,3541
690015576308211712,702,2399
690021994562220032,983,2705
690248561355657216,394,1626
690360449368465409,842,2572
690374419777196032,807,3135
690400367696297985,431,1823
690597161306841088,580,1882
690649993829576704,262,1254
690690673629138944,788,2244
690728923253055490,496,2101
690735892932222976,1221,3655
690932576555528194,976,3172
690938899477221376,1871,3950
690959652130045952,1196,3451
691090071332753408,320,1667
691096613310316544,846,2871
691321916024623104,632,2489
691416866452082688,7314,18648
691444869282295808,809,2546
691459709405118465,1089,3905
691483041324204033,537,2311
691675652215414786,487,1889
691756958957883396,948,2738
691820333922455552,1582,3823
692017291282812928,912,2786
692158366030913536,756,2072
692187005137076224,783,2451
692417313023332352,3312,9031
692530551048294401,395,1772
692535307825213440,1301,3044
692568918515392513,1472,4210
692752401762250755,3497,6574
692828166163931137,857,2777
692894228850999298,760,2186
692901601640583168,576,1699
692905862751522816,839,2349
692919143163629568,728,2592
693095443459342336,435,1797
693109034023534592,582,1648
693155686491000832,3074,7607
693231807727280129,712,2774
693262851218264065,475,2135
693280720173801472,1192,3235
693486665285931008,605,1706
693590843962331137,1872,4862
693622659251335168,357,1477
693629975228977152,763,2359
693642232151285760,397,2459
693647888581312512,560,2595
693942351086120961,351,1690
694001791655137281,981,3283
694183373896572928,893,2843
694206574471057408,1953,4013
694329668942569472,482,1929
694352839993344000,586,1965
694669722378485760,13745,34521
694905863685980160,896,2656
695051054296211456,765,2564
695064344191721472,564,1543
695074328191332352,1053,2743
695095422348574720,589,2552
695314793360662529,1392,3497
695409464418041856,3435,8368
695446424020918272,1743,4258
695629776980148225,2007,4407
695794761660297217,739,3055
695816827381944320,1105,2907
696405997980676096,1113,3090
696488710901260288,984,2426
696713835009417216,621,2291
696754882863349760,347,1431
696877980375769088,685,2365
696886256886657024,1719,4674
696894894812565505,652,2258
696900204696625153,982,3063
697242256848379904,643,2441
697255105972801536,1108,2963
697259378236399616,962,3182
697270446429966336,1808,4546
697482927769255936,640,2340
697575480820686848,482,1972
697596423848730625,1210,2903
697616773278015490,970,3039
697881462549430272,1112,2909
697943111201378304,646,2308
697990423684476929,1236,3172
697995514407682048,324,1467
698178924120031232,710,2725
698195409219559425,5719,16164
698262614669991936,1913,4609
698342080612007937,925,2188
698355670425473025,427,1787
698549713696649216,597,2241
698635131305795584,328,1256
698703483621523456,359,1400
698710712454139905,652,2385
698907974262222848,594,2448
698953797952008193,875,2589
698989035503689728,930,3224
699036661657767936,1153,2519
699072405256409088,1141,2865
699079609774645248,619,2363
699088579889332224,598,2174
699323444782047232,831,3045
699370870310113280,418,1830
699413908797464576,598,2018
699423671849451520,309,1314
699434518667751424,493,2100
699446877801091073,2514,5739
699691744225525762,4403,9923
699775878809702401,581,1891
699779630832685056,1188,2632
699788877217865730,491,2157
699801817392291840,911,2936
700002074055016451,1283,3193
700029284593901568,562,2007
700062718104104960,657,2554
700143752053182464,2599,7243
700151421916807169,643,2171
700167517596164096,700,2547
700462010979500032,1707,3976
700505138482569216,547,2211
700518061187723268,765,2519
700747788515020802,8880,21959
700796979434098688,899,2349
700847567345688576,481,2372
700864154249383937,599,2509
700890391244103680,543,2141
701214700881756160,4874,11765
701545186879471618,585,2573
701570477911896070,890,2718
701601587219795968,434,2023
701889187134500865,1332,3418
701952816642965504,983,3707
701981390485725185,943,3324
702217446468493312,1287,4614
702276748847800320,737,2382
702321140488925184,1007,3163
702539513671897089,918,2781
702598099714314240,3295,11798
702671118226825216,537,2119
702684942141153280,1025,3117
702932127499816960,689,2492
703041949650034688,11910,25356
703079050210877440,2955,7116
703268521220972544,520,1914
703356393781329922,369,1844
703382836347330562,1098,3381
703407252292673536,664,2354
703611486317502464,1461,3705
703631701117943808,640,2483
703769065844768768,1094,3152
703774238772166656,436,1779
704113298707505153,549,1789
704347321748819968,334,1521
704364645503647744,3403,7695
704480331685040129,1029,3271
704499785726889984,963,2801
704761120771465216,2791,6386
704819833553219584,939,2545
704847917308362754,1455,4884
704859558691414016,508,2170
705066031337840642,589,2114
705102439679201280,495,2066
705223444686888960,768,2496
705239209544720384,723,2891
705428427625635840,1599,3666
705442520700944385,1545,4243
705475953783398401,877,2856
705591895322394625,1101,3059
705898680587526145,527,2292
705970349788291072,856,3068
705975130514706432,698,2991
706166467411222528,1531,4967
706265994973601792,896,2640
706291001778950144,459,1648
706310011488698368,7565,20480
706346369204748288,889,3329
706516534877929472,986,3008
706538006853918722,1372,3355
706593038911545345,606,2079
706644897839910912,1047,2474
706681918348251136,939,3186
706901761596989440,559,1972
707014260413456384,574,2232
707021089608753152,1295,3943
707038192327901184,755,2109
707059547140169728,649,2499
707297311098011648,748,2689
707315916783140866,609,2385
707377100785885184,1038,3150
707387676719185920,1219,3361
707411934438625280,573,2220
707420581654872064,665,2174
707610948723478529,6067,16348
707693576495472641,953,3267
707741517457260545,586,2410
707776935007539200,918,3161
707969809498152960,919,2584
707995814724026368,1081,3013
708026248782585858,1841,4237
708109389455101952,533,1883
708119489313951744,937,2586
708130923141795840,821,3257
708149363256774660,1490,4143
708349470027751425,707,2265
708356463048204288,1260,3451
708469915515297792,783,2990
708479650088034305,647,2446
708711088997666817,686,2442
708738143638450176,780,2663
708810915978854401,6599,15858
708834316713893888,479,1624
708845821941387268,855,2872
709042156699303936,1561,4557
709158332880297985,393,1959
709207347839836162,5507,12006
709225125749587968,545,2325
709409458133323776,650,2538
709449600415961088,542,2127
709519240576036864,227,1442
709556954897764353,1024,3163
709566166965075968,1149,3412
709852847387627521,1151,3381
709901256215666688,98,641
709918798883774466,1039,3371
710117014656950272,1884,5252
710140971284037632,847,2646
710153181850935296,858,2810
710269109699739648,1071,2307
710272297844797440,1201,4353
710283270106132480,498,2079
710588934686908417,1779,4366
710833117892898816,507,2587
710844581445812225,651,2447
710997087345876993,1327,4405
711008018775851008,586,2883
711306686208872448,709,3177
711363825979756544,1084,3501
711652651650457602,868,3713
711694788429553666,17503,31572
711732680602345472,3895,8470
711743778164514816,952,2734
711968124745228288,2202,7746
712065007010385924,595,2173
712085617388212225,465,3153
712092745624633345,851,2835
712097430750289920,989,3630
712438159032893441,1501,5125
712668654853337088,1156,4012
712717840512598017,4740,11838
712809025985978368,6427,18320
713175907180089344,1411,4284
713177543487135744,2737,6956
713411074226274305,1244,4267
713761197720473600,1305,4670
713919462244790272,756,3165
714141408463036416,1339,4157
714214115368108032,831,2195
714251586676113411,800,3151
714258258790387713,699,2922
714606013974974464,880,3499
714631576617938945,948,3150
714957620017307648,1349,3997
714982300363173890,990,3579
715009755312439296,1168,3996
715200624753819648,1780,4956
715220193576927233,617,2333
715342466308784130,656,2934
715360349751484417,1495,5266
715680795826982913,1531,4128
715696743237730304,1234,3762
715733265223708672,1614,4495
715928423106027520,842,3073
716080869887381504,1820,6521
716285507865542656,1006,2668
716791146589110272,1511,7914
716802964044845056,1115,4129
717009362452090881,918,3114
717047459982213120,1832,6038
717421804990701568,800,3041
717537687239008257,1759,5570
717790033953034240,1047,2753
717841801130979328,570,2357
718234618122661888,946,3714
718246886998687744,474,1840
718454725339934721,1441,4666
718460005985447936,500,2590
718540630683709445,966,2348
718613305783398402,456,2346
718631497683582976,7644,18122
718939241951195136,1669,5053
718971898235854848,1030,3343
719332531645071360,905,3304
719339463458033665,1178,4279
719367763014393856,712,2689
719551379208073216,1807,4861
719704490224398336,1362,4361
719991154352222208,1665,4654
720043174954147842,1918,4738
720059472081784833,1070,3713
720340705894408192,934,2756
720389942216527872,2388,6115
720415127506415616,1435,3976
720775346191278080,629,2364
720785406564900865,731,2987
721001180231503872,586,2431
721503162398597120,1744,4438
722613351520608256,1561,4796
723179728551723008,1781,5094
723673163800948736,846,2919
723688335806480385,2790,7358
723912936180330496,1176,3739
724004602748780546,1471,4029
724046343203856385,532,2561
724049859469295616,1699,4177
724405726123311104,1590,5086
724771698126512129,603,2249
724983749226668032,1237,3591
725729321944506368,1692,5002
725786712245440512,1311,4012
725842289046749185,2544,6818
726224900189511680,1095,4257
726828223124897792,961,3434
726887082820554753,1447,3691
726935089318363137,2325,6606
727175381690781696,1329,3769
727286334147182592,783,2936
727314416056803329,711,3202
727524757080539137,1158,4291
727644517743104000,1667,5630
727685679342333952,607,2851
728015554473250816,1048,3967
728035342121635841,1597,4377
728046963732717569,1152,4122
728387165835677696,918,3570
728409960103686147,1908,4712
728653952833728512,998,3191
728751179681943552,646,2663
728760639972315136,1627,4486
728986383096946689,780,3025
729113531270991872,304,1807
729463711119904772,2209,5563
729823566028484608,1189,3823
729854734790754305,1073,3875
730196704625098752,1797,4656
730211855403241472,1015,3670
730427201120833536,989,3351
730573383004487680,2035,4695
730924654643314689,1891,5914
731285275100512256,955,3370
732005617171337216,5137,14300
732375214819057664,2396,7780
732585889486888962,747,3519
732726085725589504,853,3426
732732193018155009,513,2340
733109485275860992,16341,51420
733460102733135873,1211,4025
733482008106668032,906,3001
733822306246479872,980,3537
733828123016450049,749,3448
734776360183431168,509,2409
734787690684657664,6025,12068
734912297295085568,509,2645
735137028879360001,932,3012
735256018284875776,841,3207
735274964362878976,4794,12553
735635087207878657,2253,5941
735648611367784448,1055,3890
735991953473572864,1097,3451
736010884653420544,2845,7590
736225175608430592,2667,7804
736365877722001409,1187,3834
736736130620620800,1649,4083
737310737551491075,7098,14103
737322739594330112,776,3470
737445876994609152,4255,9850
737678689543020544,1259,4850
737800304142471168,3317,9648
737826014890496000,1694,5077
738156290900254721,617,2411
738166403467907072,3194,8438
738184450748633089,1164,4173
738402415918125056,789,3145
738537504001953792,1469,4904
738883359779196928,757,3189
738885046782832640,1099,3643
739238157791694849,55537,111611
739485634323156992,2797,6886
739544079319588864,20275,38033
739606147276148736,1588,5207
739844404073074688,822,3669
739932936087216128,1034,3920
739979191639244800,5669,19254
740214038584557568,1879,6459
740359016048689152,824,3174
740365076218183684,412,2371
740676976021798912,6543,17531
740699697422163968,747,2754
740711788199743490,900,3285
740995100998766593,2605,6125
741067306818797568,2957,9210
741303864243200000,3074,8476
741438259667034112,785,3565
741743634094141440,2631,7876
741793263812808706,1442,4395
742150209887731712,1482,4934
742161199639494656,1307,4160
742385895052087300,1878,6570
742423170473463808,3579,9491
742465774154047488,3761,7015
742528092657332225,1879,4268
743210557239623680,1309,3714
743222593470234624,1837,5994
743253157753532416,1176,4102
743510151680958465,3578,7675
743545585370791937,906,3420
743595368194129920,6268,17711
743609206067040256,1335,4327
743895849529389061,929,3539
743980027717509120,1053,4037
744234799360020481,74540,150926
744334592493166593,2018,6551
744709971296780288,1499,5415
744971049620602880,2577,7618
744995568523612160,590,2871
745057283344719872,2155,7005
745314880350101504,2635,6906
745422732645535745,2327,8287
745433870967832576,2450,6849
745712589599014916,2233,6783
745789745784041472,1020,3876
746056683365994496,784,3458
746131877086527488,2106,6672
746369468511756288,1569,5997
746507379341139972,1046,4515
746726898085036033,1729,5862
746790600704425984,1532,4713
746872823977771008,2051,5795
747103485104099331,3808,9249
747204161125646336,873,3254
747219827526344708,1506,5097
747461612269887489,1005,3753
747512671126323200,1551,5350
747594051852075008,1007,3561
747600769478692864,540,2262
747816857231626240,1122,4691
747844099428986880,720,2733
747885874273214464,931,2843
747933425676525569,2455,6413
747963614829678593,2064,5600
748307329658011649,691,3583
748324050481647620,728,3577
748346686624440324,1190,5066
748568946752774144,648,2143
748575535303884801,1916,5881
748692773788876800,1291,4117
748699167502000129,1529,4603
748705597323898880,918,2694
748932637671223296,2169,5625
748977405889503236,3273,10450
749036806121881602,768,3002
749064354620928000,1474,4660
749317047558017024,2158,5324
749395845976588288,3303,8304
749403093750648834,510,2532
749417653287129088,1582,5922
749774190421639168,1275,4534
749981277374128128,2381,4952
749996283729883136,788,2966
750011400160841729,870,3135
750026558547456000,758,2640
750041628174217216,588,3072
750056684286914561,867,3066
750071704093859840,3202,7586
750086836815486976,515,2108
750101899009982464,813,2952
750117059602808832,1266,4210
750132105863102464,1242,3503
750147208377409536,926,3011
750383411068534784,1102,4421
750429297815552001,4120,12797
750506206503038976,1111,4317
750719632563142656,4839,12783
750868782890057730,1315,4640
751132876104687617,1257,4926
751205363882532864,1749,6140
751251247299190784,5668,12142
751456908746354688,971,3119
751538714308972544,1211,4898
751583847268179968,1058,4268
751598357617971201,2942,7716
751830394383790080,1879,5664
751937170840121344,1268,5047
752173152931807232,1767,5793
752334515931054080,1062,3713
752519690950500352,3334,7163
752660715232722944,1504,4254
752682090207055872,1538,5841
752917284578922496,1515,6744
753026973505581056,926,3812
753294487569522689,1006,3267
753375668877008896,2241,7429
753398408988139520,1836,5586
753420520834629632,3429,7661
753655901052166144,2102,5679
754120377874386944,2273,7678
754449512966619136,710,3639
822859134160621569,2211,12989
822872901745569793,42022,129004
822975315408461824,3353,17002
823322678127919110,3900,15439
823581115634085888,2555,12756
823699002998870016,2453,13711
823939628516474880,2643,10431
824297048279236611,3738,14762
824325613288833024,10305,11590
824663926340194305,1720,10322
824775126675836928,3405,14628
825026590719483904,1211,6149
825147591692263424,4408,17918
825535076884762624,17116,55876
825829644528148480,2427,12502
825876512159186944,1807,10273
826115272272650244,3015,15316
826204788643753985,892,4776
826240494070030336,2534,12996
826476773533745153,4065,18028
826598365270007810,2280,9802
826848821049180160,9850,35437
826958653328592898,4838,21101
827199976799354881,2157,10348
827324948884643840,2940,15506
827600520311402496,911,7316
827653905312006145,2927,15165
827933404142436356,5087,19620
828011680017821696,2092,10131
828046555563323392,2772,11481
828372645993398273,2838,12315
828376505180889089,1038,7234
828381636999917570,2160,12322
828408677031882754,1242,7517
828409743546925057,1122,6216
828650029636317184,1294,9298
828708714936930305,10842,35691
828770345708580865,5675,25008
829011960981237760,15863,52151
829141528400556032,7099,23819
829449946868879360,1945,10233
829501995190984704,10259,31022
829861396166877184,1874,11983
830097400375152640,2839,9547
830583320585068544,16192,65153
830956169170665475,1444,7807
831262627380748289,1977,11626
831309418084069378,2391,11501
831315979191906304,1080,6380
831322785565769729,1498,9075
831552930092285952,2252,8769
831650051525054464,1858,6958
831670449226514432,1755,10186
831911600680497154,6288,26909
831939777352105988,5941,23395
832032802820481025,4512,17428
832273440279240704,2257,11068
832369877331693569,3080,16755
832397543355072512,2133,11688
832636094638288896,2687,15489
832757312314028032,3491,16457
832998151111966721,2121,12928
833124694597443584,4675,19728
833479644947025920,1968,14507
833722901757046785,3124,20366
833826103416520705,3625,17674
833863086058651648,2319,13106
834086379323871233,2128,12728
834167344700198914,3538,15426
834209720923721728,4570,20019
834458053273591808,1613,9372
834574053763584002,2424,13298
834786237630337024,5332,20905
834931633769889797,1562,10508
835152434251116546,2889,21784
835172783151792128,5549,25484
835264098648616962,1622,7513
835297930240217089,2885,16048
835574547218894849,3468,17330
836001077879255040,4105,18549
836260088725786625,4151,20744
836380477523124226,2879,14383
836677758902222849,2139,12295
836753516572119041,4463,18833
836989968035819520,2212,12408
837110210464448512,2271,15598
837471256429613056,2167,12437
837482249356513284,425,3747
837820167694528512,7538,33094
838083903487373313,2993,17135
838476387338051585,4553,21813
838561493054533637,1274,10641
838921590096166913,1955,10805
839239871831150596,6239,26282
839549326359670784,7435,26586
839990271299457024,2174,13010
840268004936019968,5487,18647
840370681858686976,4354,15920
840632337062862849,1677,8705
840696689258311684,927,11903
841077006473256960,5089,22131
841314665196081154,4432,15312
841439858740625411,3494,12196
841680585030541313,7490,24955
842115215311396866,2885,13524
842163532590374912,5522,23616
842535590457499648,3351,17525
842765311967449089,1205,6500
842846295480000512,3466,14788
843235543001513987,5711,20764
843604394117681152,2602,16309
843856843873095681,4388,20730
844223788422217728,2076,13191
844580511645339650,2960,15872
844973813909606400,3011,14477
845306882940190720,5104,22478
845397057150107648,1695,7338
845677943972139009,4579,24285
845812042753855489,8255,28129
846042936437604353,2712,15384
846153765933735936,8573,30343
846514051647705089,10941,42844
846874817362120707,3729,19320
847116187444137987,3020,20643
847157206088847362,5530,19064
847251039262605312,4105,19705
847606175596138505,3246,18036
847842811428974592,1248,5205
847962785489326080,4808,22581
848212111729840128,2852,15647
848324959059550208,4374,23707
848690551926992896,4094,24166
849051919805034497,7992,40567
849336543269576704,1782,10935
849412302885593088,2966,15207
849776966551130114,7159,29066
850019790995546112,4589,19524
850145622816686080,3566,15609
850380195714523136,2448,12527
850753642995093505,8525,29340
851224888060895234,5410,19755
851464819735769094,6640,23133
851591660324737024,3265,15521
852189679701164033,1490,10940
852226086759018497,6404,19008
852311364735569921,9316,31533
852553447878664193,3258,15469
852672615818899456,2025,14194
852912242202992640,1690,8558
853299958564483072,3321,14716
853639147608842240,9343,32859
853760880890318849,5378,27116
854010172552949760,2937,15414
854120357044912130,6951,30302
854365224396361728,4367,17889
854482394044301312,6346,27625
854732716440526848,5644,21500
855459453768019968,7640,28126
855851453814013952,16798,43342
856282028240666624,5820,26146
856543823941562368,2667,15411
857029823797047296,3668,17710
857263160327368704,4161,18881
857393404942143489,1511,5526
857746408056729600,9782,32067
857989990357356544,2372,15068
858107933456039936,2652,14770
858471635011153920,4477,20214
858843525470990336,3182,14633
859074603037188101,12507,31602
859196978902773760,27561,83847
859607811541651456,1416,17441
859851578198683649,3224,14447
859924526012018688,3751,18323
860184849394610176,5354,15542
860276583193509888,3213,17180
860524505164394496,4819,22064
860563773140209665,1944,6978
861005113778896900,3481,15565
861288531465048066,3765,15967
861383897657036800,9739,33596
862096992088072192,20980,68907
862457590147678208,4463,18978
862722525377298433,3222,15914
862831371563274240,4658,17830
863062471531167744,2185,7824
863432100342583297,4747,22080
863553081350529029,3794,14154
863907417377173506,3752,19150
864197398364647424,7964,27762
864279568663928832,2713,13546
864873206498414592,7841,29882
865006731092295680,6985,25972
865359393868664832,4511,24507
865718153858494464,5070,23818
866334964761202691,12821,48399
866450705531457537,31725,112973
866686824827068416,3108,17809
867051520902168576,7084,29773
867421006826221569,2233,14841
867774946302451713,6572,31397
867900495410671616,3754,22368
868552278524837888,1839,9293
868622495443632128,4724,24520
868880397819494401,12865,60201
869227993411051520,3360,18833
869596645499047938,2776,14711
869702957897576449,5616,25964
869772420881756160,9072,39283
870063196459192321,7411,33612
870308999962521604,3694,20179
870374049280663552,23756,76621
870656317836468226,2318,11310
870804317367881728,5500,30933
871032628920680449,3386,20922
871515927908634625,3083,18541
871762521631449091,3089,18564
871879754684805121,9698,34434
872122724285648897,7189,31432
872486979161796608,8067,37383
872620804844003328,3223,19042
872820683541237760,3300,13536
872967104147763200,4783,24977
873213775632977920,1401,6565
873580283840344065,3485,22204
874012996292530176,9024,31282
874057562936811520,3517,20839
874296783580663808,3649,23868
874680097055178752,4096,25484
875021211251597312,4164,23368
875144289856114688,4323,20059
875747767867523072,3758,22973
876120275196170240,4097,25614
876484053909872640,2087,17186
876838120628539392,2934,18919
877201837425926144,4892,24754
877316821321428993,4584,25070
877556246731214848,3339,20721
877736472329191424,16647,72184
878057613040115712,5994,38450
878281511006478336,1122,7042
878776093423087618,3611,17709
879008229531029506,2353,17361
879050749262655488,4135,20579
879376492567855104,2745,15395
879415818425184262,39192,96338
879492040517615616,2780,21431
879862464715927552,3052,20400
880095782870896641,3815,25180
880221127280381952,3643,24553
880465832366813184,5456,25929
880872448815771648,3354,19420
880935762899988482,2448,15597
881268444196462592,4659,21238
881536004380872706,14046,45083
881666595344535552,9358,46182
881906580714921986,2983,22199
882045870035918850,4261,26698
882268110199369728,10151,40790
882627270321602560,5310,25552
882762694511734784,4283,25727
882992080364220416,3396,21763
883117836046086144,5815,33774
883360690899218434,3224,20665
883482846933004288,8658,41732
883838122936631299,2993,19912
884162670584377345,2623,18595
884441805382717440,4993,24725
884562892145688576,4118,22139
884876753390489601,4900,25344
884925521741709313,15826,70041
885167619883638784,3837,19944
885528943205470208,5597,32755
885984800019947520,5884,29680
886258384151887873,5539,25497
886366144734445568,2774,19238
886680336477933568,3925,20493
886736880519319552,2783,10885
886983233522544640,6690,31667
887101392804085760,5227,27954
887343217045368832,9238,30661
887473957103951883,15748,62510
887517139158093824,10306,42238
887705289381826560,4728,27597
888078434458587136,3042,19866
888554962724278272,3025,17962
888804989199671297,3713,23293
888917238123831296,3929,26544
889278841981685760,4658,22923
889531135344209921,1977,13841
889638837579907072,3918,24562
889665388333682689,8769,43703
889880896479866881,4365,25446
890006608113172480,6432,28003
890240255349198849,6410,28995
890609185150312448,3784,25427
890729181411237888,16536,59097
890971913173991426,1766,10745
891087950875897856,2731,18482
891327558926688256,8147,36643
891689557279858688,7563,38371
891815181378084864,3635,22847
892177421306343426,5501,30384
892420643555336193,7386,35096
