tweet_id,name,rating_numerator,rating_denominator,dogtionary_c
892420643555336193,Phineas,13,10,
892177421306343426,Tilly,13,10,
891815181378084864,Archie,12,10,
891689557279858688,Darla,13,10,
891327558926688256,Franklin,12,10,
891087950875897856,,13,10,
890971913173991426,Jax,13,10,
890729181411237888,,13,10,
890609185150312448,Zoey,13,10,
890240255349198849,Cassie,14,10,doggo
890006608113172480,Koda,13,10,
889880896479866881,Bruno,13,10,
889665388333682689,,13,10,puppo
889638837579907072,Ted,12,10,
889531135344209921,Stuart,13,10,puppo
889278841981685760,Oliver,13,10,
888917238123831296,Jim,12,10,
888804989199671297,Zeke,13,10,
888554962724278272,Ralphus,13,10,
888078434458587136,Gerald,12,10,
887705289381826560,Jeffrey,13,10,
887517139158093824,,14,10,
887473957103951883,Canela,13,10,
887343217045368832,,13,10,
887101392804085760,,12,10,
886983233522544640,Maya,13,10,
886736880519319552,Mingus,13,10,
886680336477933568,Derek,13,10,
886366144734445568,Roscoe,12,10,pupper
886258384151887873,Waffles,13,10,
885984800019947520,Jimbo,12,10,
885528943205470208,Maisey,13,10,
885167619883638784,,13,10,
884925521741709313,Earl,12,10,
884876753390489601,Lola,13,10,
884562892145688576,Kevin,13,10,
884441805382717440,,14,10,
884162670584377345,Yogi,12,10,doggo
883838122936631299,Noah,12,10,
883482846933004288,Bella,5,10,
883360690899218434,Grizzwald,13,10,floofer
883117836046086144,,13,10,
882992080364220416,Rusty,13,10,
882762694511734784,Gus,12,10,pupper
882627270321602560,Stanley,13,10,
882268110199369728,Alfy,13,10,
882045870035918850,Koko,13,10,
881906580714921986,Rey,12,10,
881666595344535552,Gary,13,10,
881536004380872706,,14,10,pupper
881268444196462592,Elliot,12,10,
880935762899988482,Louis,13,10,
880872448815771648,,12,10,
880465832366813184,Bella,12,10,
880221127280381952,Jesse,12,10,
880095782870896641,,11,10,
879862464715927552,Romeo,13,10,
879492040517615616,Bailey,12,10,
879415818425184262,Duddles,13,10,
879376492567855104,Jack,12,10,
879050749262655488,Steven,11,10,
879008229531029506,Beau,13,10,
878776093423087618,Snoopy,13,10,puppo
878281511006478336,Shadow,13,10,
878057613040115712,Emmy,14,10,
877736472329191424,Aja,13,10,
877556246731214848,Penny,12,10,
877316821321428993,Dante,13,10,
877201837425926144,Nelly,12,10,
876838120628539392,Ginger,12,10,pupper
876484053909872640,Benedict,13,10,
876120275196170240,Venti,13,10,
875747767867523072,Goose,13,10,
875144289856114688,Nugget,13,10,
875021211251597312,,12,10,
874680097055178752,Cash,12,10,
874296783580663808,Jed,13,10,pupper
874057562936811520,,12,10,
874012996292530176,Sebastian,13,10,puppo
873580283840344065,,13,10,
873213775632977920,Sierra,12,10,pupper
872967104147763200,,12,10,doggo
872820683541237760,,13,10,
872620804844003328,Monkey,13,10,
872486979161796608,,12,10,
872122724285648897,Kody,12,10,
871879754684805121,Lassie,13,10,
871762521631449091,Rover,12,10,pupper
871515927908634625,Napolean,12,10,doggo
871032628920680449,Boomer,13,10,
870804317367881728,,11,10,
870656317836468226,Cody,13,10,
870374049280663552,Zoey,13,10,
870308999962521604,Rumble,13,10,
870063196459192321,Clifford,14,10,
869772420881756160,Dewey,13,10,
869702957897576449,Stanley,13,10,
869596645499047938,Scout,12,10,doggo
869227993411051520,Gizmo,13,10,
868880397819494401,Walter,14,10,
868622495443632128,,13,10,
868552278524837888,Cooper,12,10,
867900495410671616,,12,10,
867774946302451713,Harold,13,10,
867421006826221569,Shikha,12,10,puppo
867051520902168576,,13,10,
866686824827068416,Lili,12,10,
866450705531457537,Jamesy,13,10,pupper
866334964761202691,Coco,12,10,
865718153858494464,Boomer,13,10,
865359393868664832,Sammy,13,10,
865006731092295680,Nelly,13,10,
864873206498414592,,14,10,
864279568663928832,Meatball,12,10,
864197398364647424,Paisley,13,10,
863907417377173506,Albus,13,10,
863553081350529029,Neptune,13,10,
863432100342583297,Belle,12,10,
863062471531167744,Quinn,13,10,
862831371563274240,Zooey,13,10,
862722525377298433,Dave,11,10,
862457590147678208,Jersey,13,10,
862096992088072192,,13,10,
861383897657036800,Hobbes,13,10,
861288531465048066,,13,10,
861005113778896900,Burt,12,10,
860563773140209665,Lorenzo,13,10,
860524505164394496,Carl,13,10,
860276583193509888,Jordy,12,10,
860184849394610176,,14,10,
859924526012018688,Milky,12,10,
859851578198683649,Trooper,13,10,
859607811541651456,,13,10,puppo
859196978902773760,,12,10,
859074603037188101,,13,10,
858843525470990336,,13,10,doggo
858471635011153920,Sophie,13,10,
858107933456039936,Wyatt,12,10,
857989990357356544,Rosie,12,10,
857746408056729600,Thor,13,10,
857393404942143489,,13,10,
857263160327368704,Oscar,13,10,
857029823797047296,Zeke,12,10,
856543823941562368,Callie,12,10,
856282028240666624,Cermet,14,10,
855851453814013952,,13,10,doggopuppo
855459453768019968,,12,10,
854732716440526848,Marlee,12,10,
854482394044301312,Arya,13,10,
854365224396361728,Einstein,13,10,
854120357044912130,,14,10,pupper
854010172552949760,,11,10,doggofloofer
853760880890318849,Alice,12,10,
853639147608842240,,13,10,
853299958564483072,Rumpole,13,10,
852912242202992640,Benny,12,10,
852672615818899456,Aspen,12,10,
852553447878664193,Jarod,13,10,
852311364735569921,Wiggles,13,10,
852226086759018497,General,14,10,
852189679701164033,Sailor,12,10,
851591660324737024,,11,10,
851464819735769094,Iggy,14,10,
851224888060895234,Snoop,13,10,
850753642995093505,Kyle,11,10,
850380195714523136,Leo,13,10,
850145622816686080,Riley,11,10,
850019790995546112,Boomer,12,10,pupper
849776966551130114,,12,10,
849412302885593088,Noosh,12,10,
849336543269576704,,11,10,
849051919805034497,Kevin,13,10,
848690551926992896,,12,10,
848324959059550208,Odin,12,10,
848212111729840128,Jerry,6,10,
847962785489326080,Georgie,10,10,
847842811428974592,Rontu,12,10,
847606175596138505,Cannon,12,10,
847251039262605312,Furzey,12,10,
847157206088847362,Daisy,11,10,
847116187444137987,,11,10,
846874817362120707,Tuck,13,10,
846514051647705089,Barney,13,10,doggo
846153765933735936,Vixen,13,10,
846042936437604353,Jarvis,12,10,
845812042753855489,,13,10,
845677943972139009,,12,10,
845397057150107648,Mimosa,13,10,doggo
845306882940190720,Pickles,12,10,pupper
844973813909606400,Brady,12,10,
844580511645339650,Charlie,11,10,
844223788422217728,Margo,12,10,
843856843873095681,Sadie,12,10,
843604394117681152,Hank,11,10,
843235543001513987,Tycho,13,10,
842846295480000512,Charlie,13,10,
842765311967449089,Indie,12,10,
842535590457499648,Winnie,13,10,
842163532590374912,George,12,10,
842115215311396866,Bentley,12,10,
841680585030541313,Penny,12,10,
841439858740625411,,14,10,
841314665196081154,Max,13,10,
841077006473256960,Dawn,12,10,
840696689258311684,,10,10,
840632337062862849,Maddie,12,10,
840370681858686976,,13,10,
840268004936019968,Monty,12,10,
839990271299457024,Sojourner,13,10,
839549326359670784,Winston,12,10,
839239871831150596,Odie,13,10,
838921590096166913,Arlo,13,10,
838561493054533637,Walter,13,10,
838476387338051585,Stanley,13,10,
838083903487373313,Daisy,13,10,
837820167694528512,,12,10,pupper
837482249356513284,Waffles,13,10,
837471256429613056,Vincent,12,10,
837110210464448512,Clark,13,10,pupper
836989968035819520,Mookie,12,10,
836753516572119041,Meera,12,10,doggo
836677758902222849,Oliver,11,10,
836380477523124226,Ava,12,10,pupper
836260088725786625,Lucy,13,10,
836001077879255040,,13,10,
835574547218894849,Eli,11,10,
835297930240217089,Ash,12,10,
835264098648616962,Lola,12,10,
835172783151792128,,12,10,
835152434251116546,,0,10,
834931633769889797,Tucker,12,10,
834786237630337024,Tobi,13,10,
834574053763584002,,13,10,doggo
834458053273591808,Chester,12,10,
834209720923721728,Wilson,12,10,
834167344700198914,Sunshine,11,10,
834086379323871233,Lipton,12,10,
833863086058651648,Bentley,12,10,
833826103416520705,Charlie,13,10,
833722901757046785,Bronte,13,10,
833479644947025920,Poppy,13,10,
833124694597443584,Gidget,12,10,pupper
832998151111966721,Rhino,13,10,doggo
832757312314028032,Willow,13,10,
832636094638288896,Orion,12,10,
832397543355072512,Eevee,12,10,
832369877331693569,Charlie,11,10,
832273440279240704,Smiley,14,10,doggo
832032802820481025,Miguel,12,10,doggo
831939777352105988,Emanuel,12,10,doggo
831911600680497154,Kuyu,14,10,
831670449226514432,Daisy,13,10,
831650051525054464,,13,10,
831552930092285952,Dutch,13,10,
831322785565769729,Pete,12,10,doggo
831315979191906304,,13,10,pupper
831309418084069378,Scooter,12,10,
831262627380748289,Tucker,12,10,
830956169170665475,Reggie,12,10,
830583320585068544,Lilly,13,10,
830097400375152640,Samson,13,10,
829861396166877184,Mia,12,10,
829501995190984704,Leo,12,10,
829449946868879360,,11,10,doggo
829141528400556032,Malcolm,12,10,
829011960981237760,Dexter,13,10,
828770345708580865,Alfie,13,10,
828708714936930305,Fiona,10,10,
828650029636317184,,14,10,
828409743546925057,Mutt,12,10,
828408677031882754,Bear,12,10,
828381636999917570,Doobert,14,10,doggo
828376505180889089,Beebop,13,10,
828372645993398273,Alexander,12,10,
828046555563323392,Sailer,13,10,
828011680017821696,Brutus,11,10,
827933404142436356,Kona,12,10,pupper
827653905312006145,Boots,12,10,
827600520311402496,Tucker,13,10,
827324948884643840,Ralphie,12,10,
827199976799354881,Charlie,13,10,
826958653328592898,Loki,12,10,doggo
826848821049180160,Cupid,13,10,doggo
826598365270007810,Pawnd,13,10,
826476773533745153,Pilot,12,10,doggo
826240494070030336,,11,10,
826204788643753985,,13,10,doggo
826115272272650244,Ike,13,10,
825876512159186944,Mo,11,10,
825829644528148480,Toby,12,10,
825535076884762624,,14,10,puppo
825147591692263424,Sweet,13,10,
825026590719483904,Pablo,12,10,puppo
824775126675836928,Scooter,12,10,
824663926340194305,Wilson,13,10,
824325613288833024,,13,10,pupper
824297048279236611,Nala,11,10,
823939628516474880,Cash,12,10,
823699002998870016,Winston,12,10,
823581115634085888,Crawford,11,10,
823322678127919110,Wyatt,11,10,
822975315408461824,Albus,12,10,
822872901745569793,,13,10,puppo
822859134160621569,Hobbes,12,10,
754449512966619136,Dex,11,10,
754120377874386944,,10,10,
753655901052166144,,10,10,
753420520834629632,,11,10,
753398408988139520,Scout,12,10,
753375668877008896,Hank,8,10,
753294487569522689,Ace,11,10,
753026973505581056,Tayzie,10,10,
752917284578922496,Grizzie,11,10,
752682090207055872,,10,10,doggo
752660715232722944,,10,10,doggo
752519690950500352,,11,10,puppo
752334515931054080,,8,10,doggo
752173152931807232,Brody,12,10,
751937170840121344,Ruby,11,10,
751830394383790080,Tucker,12,10,
751598357617971201,Toby,13,10,
751583847268179968,,5,10,doggopupper
751538714308972544,Max,10,10,
751456908746354688,,12,10,pupper
751251247299190784,Gilbert,10,10,
751205363882532864,,12,10,
751132876104687617,Cooper,10,10,puppo
750868782890057730,Milo,11,10,pupper
750719632563142656,Meyer,12,10,
750506206503038976,Malcolm,8,10,pupper
750429297815552001,Arnie,12,10,
750383411068534784,Zoe,9,10,pupper
750147208377409536,,13,10,
750132105863102464,Stewie,11,10,
750117059602808832,Calvin,10,10,
750101899009982464,Lilah,11,10,
750086836815486976,Spanky,12,10,
750071704093859840,,10,10,pupper
750056684286914561,Jameson,11,10,
750041628174217216,Beau,13,10,
750026558547456000,Jax,10,10,
750011400160841729,Piper,11,10,doggo
749996283729883136,Bo,12,10,
749981277374128128,Atticus,1776,10,
749774190421639168,Lucy,12,10,
749417653287129088,Finn,11,10,pupper
749403093750648834,,10,10,
749395845976588288,George,10,10,
749317047558017024,Blu,12,10,floofer
749064354620928000,Winston,11,10,
749036806121881602,Dietrich,8,10,
748977405889503236,,10,10,
748932637671223296,Divine,13,10,doggo
748705597323898880,,13,10,
748699167502000129,Tripp,11,10,
748692773788876800,,10,10,doggo
748575535303884801,,6,10,
748568946752774144,Cora,12,10,
748346686624440324,,10,10,
748324050481647620,Duke,11,10,
748307329658011649,,7,10,
747963614829678593,,10,10,pupper
747933425676525569,,11,10,
747885874273214464,,8,10,
747844099428986880,Huxley,11,10,
747816857231626240,,4,10,
747600769478692864,Bookstore,10,10,
747594051852075008,,11,10,
747512671126323200,,10,10,
747461612269887489,,10,10,
747219827526344708,Atticus,11,10,
747204161125646336,Clark,10,10,
747103485104099331,,11,10,
746872823977771008,,11,10,
746790600704425984,,10,10,
746726898085036033,Abby,12,10,
746507379341139972,Shiloh,10,10,
746369468511756288,,9,10,
746131877086527488,Gustav,10,10,
746056683365994496,Arlen,11,10,
745789745784041472,Gus,10,10,
745712589599014916,Percy,7,10,
745433870967832576,Lenox,10,10,doggo
745422732645535745,,9,10,
745314880350101504,Sugar,12,10,
745057283344719872,Oliver,12,10,
744995568523612160,Abby,9,10,puppo
744971049620602880,Indie,12,10,
744709971296780288,Harvey,10,10,
744334592493166593,Blanket,11,10,
744234799360020481,,13,10,doggo
743980027717509120,Geno,11,10,
743895849529389061,,10,10,
743609206067040256,Stark,10,10,
743595368194129920,Harold,7,10,
743545585370791937,Bentley,11,10,
743510151680958465,Beya,13,10,
743253157753532416,Kilo,10,10,puppo
743222593470234624,,12,10,pupper
743210557239623680,Kayla,10,10,
742528092657332225,Maxaroni,10,10,
742465774154047488,,14,10,pupper
742423170473463808,Bell,12,10,
742385895052087300,Phil,11,10,
742161199639494656,Doug,12,10,
742150209887731712,Edmund,8,10,pupper
741793263812808706,,10,10,
741743634094141440,Aqua,11,10,pupper
741438259667034112,Tucker,9,10,
741303864243200000,Theodore,12,10,
741067306818797568,,12,10,doggopupper
740995100998766593,Leo,10,10,
740711788199743490,,9,10,
740699697422163968,Chip,8,10,
740676976021798912,Baloo,11,10,pupper
740365076218183684,,10,10,
740359016048689152,Chase,9,10,
740214038584557568,,10,10,
739979191639244800,Nollie,12,10,
739932936087216128,Rorie,10,10,
739844404073074688,Simba,12,10,
739606147276148736,Benji,9,10,pupper
739544079319588864,,10,10,
739485634323156992,Kyle,6,10,
739238157791694849,,13,10,doggo
738885046782832640,Charles,11,10,
738883359779196928,,10,10,
738537504001953792,Bayley,11,10,puppo
738402415918125056,,10,10,
738184450748633089,,9,10,
738166403467907072,Axel,12,10,
738156290900254721,Storkson,10,10,
737826014890496000,Remy,10,10,
737800304142471168,Bella,10,10,
737678689543020544,,11,10,
737445876994609152,,13,10,floofer
737322739594330112,Lily,9,10,
737310737551491075,,13,10,
736736130620620800,Chadrick,13,10,
736365877722001409,Rory,11,10,pupper
736225175608430592,,10,10,
736010884653420544,,10,10,
735991953473572864,Maxaroni,11,10,
735648611367784448,,12,10,pupper
735635087207878657,Dakota,11,10,
735274964362878976,,11,10,
735256018284875776,Kellogg,8,10,doggo
735137028879360001,Buckley,9,10,pupper
734912297295085568,Jax,10,10,
734787690684657664,,13,10,
734776360183431168,Livvie,11,10,
733828123016450049,Terry,10,10,
733822306246479872,Moose,10,10,floofer
733482008106668032,,10,10,
733460102733135873,Hermione,11,10,
733109485275860992,,12,10,doggopupper
732732193018155009,Ralpher,12,10,
732726085725589504,Aldrick,11,10,
732585889486888962,,10,10,
732375214819057664,Kyle,11,10,doggo
732005617171337216,Larry,11,10,
731285275100512256,Solomon,12,10,
730924654643314689,,9,10,
730573383004487680,Rooney,10,10,pupper
730427201120833536,Crystal,11,10,
730211855403241472,Ziva,11,10,
730196704625098752,Charles,6,10,
729854734790754305,Ollie,11,10,
729823566028484608,Stefan,13,10,
729463711119904772,Pupcasso,13,10,
729113531270991872,,10,10,
728986383096946689,Puff,11,10,
728760639972315136,,13,10,
728751179681943552,Flurpson,10,10,
728653952833728512,Coleman,8,10,
728409960103686147,Wallace,10,10,
728387165835677696,Enchilada,12,10,
728046963732717569,Raymond,11,10,
728035342121635841,,12,10,pupper
728015554473250816,Rueben,11,10,pupper
727685679342333952,Cilantro,12,10,
727644517743104000,,13,10,doggo
727524757080539137,,10,10,pupper
727314416056803329,,11,10,pupper
727286334147182592,,9,10,
727175381690781696,Karll,10,10,
726935089318363137,Sprout,12,10,
726887082820554753,Blitz,10,10,
726828223124897792,Bloop,12,10,
726224900189511680,,9,10,
725842289046749185,Colby,12,10,
725786712245440512,Lillie,11,10,pupper
725729321944506368,Lola,12,10,
724983749226668032,Fred,12,10,
724771698126512129,,11,10,doggo
724405726123311104,Ashleigh,10,10,pupper
724049859469295616,Kreggory,10,10,
724046343203856385,Sarge,10,10,
724004602748780546,Luther,11,10,pupper
723912936180330496,Sugar,12,10,
723688335806480385,Reginald,12,10,
723673163800948736,Ivar,10,10,
723179728551723008,Jangle,8,10,
722613351520608256,Schnitzel,12,10,
721503162398597120,Panda,11,10,
721001180231503872,Oliver,11,10,pupper
720785406564900865,Archie,12,10,
720775346191278080,Berkeley,10,10,
720415127506415616,,10,10,
720389942216527872,Ralphé,11,10,
720340705894408192,Derek,10,10,pupper
720059472081784833,Charleson,9,10,
720043174954147842,Neptune,11,10,
719991154352222208,,10,10,doggo
719704490224398336,Clyde,12,10,pupper
719551379208073216,Harnold,10,10,
719367763014393856,Sid,11,10,
719339463458033665,Lucy,10,10,
719332531645071360,Pippa,11,10,
718971898235854848,Sadie,10,10,
718939241951195136,Otis,12,10,
718631497683582976,,10,10,
718613305783398402,Carper,11,10,
718540630683709445,,10,10,
718460005985447936,Bowie,9,10,
718454725339934721,,13,10,
718246886998687744,Alexanderson,3,10,
718234618122661888,Suki,11,10,
717841801130979328,Barclay,11,10,
717790033953034240,,10,10,pupper
717537687239008257,,11,10,
717421804990701568,Ebby,9,10,
717047459982213120,Flávio,12,10,
717009362452090881,Smokey,10,10,pupper
716802964044845056,Link,10,10,
716791146589110272,Jennifur,11,10,
716285507865542656,Stephanus,12,10,
716080869887381504,,11,10,doggo
715928423106027520,Bubbles,11,10,
715733265223708672,,10,10,
715696743237730304,Toby,10,10,
715680795826982913,Zeus,12,10,
715360349751484417,Bertson,11,10,
715342466308784130,Oscar,10,10,
715220193576927233,Nico,10,10,
715200624753819648,Michelangelope,12,10,
715009755312439296,Siba,12,10,
714982300363173890,Calbert,9,10,
714957620017307648,Curtis,10,10,
714631576617938945,Benedict,4,10,
714606013974974464,,12,10,
714258258790387713,Travis,10,10,
714251586676113411,Thumas,8,10,
714214115368108032,,13,10,
714141408463036416,,10,10,
713919462244790272,Kanu,12,10,
713761197720473600,Piper,12,10,
713411074226274305,,11,10,
713177543487135744,Lance,10,10,
713175907180089344,Opie,10,10,
712809025985978368,Stubert,10,10,
712717840512598017,,10,10,
712668654853337088,Sunny,10,10,
712438159032893441,Kane,11,10,
712097430750289920,,10,10,
712092745624633345,Steven,7,10,
712085617388212225,Olive,11,10,
712065007010385924,Chester,6,10,
711968124745228288,Winston,10,10,pupper
711743778164514816,Roosevelt,11,10,
711732680602345472,,10,10,
711694788429553666,,13,10,
711652651650457602,Gary,9,10,
711363825979756544,,11,10,
711306686208872448,,3,10,
711008018775851008,Chuckles,11,10,pupper
710997087345876993,Milo,12,10,
710844581445812225,Staniel,10,10,
710833117892898816,Sora,12,10,
710588934686908417,Beemo,12,10,
710283270106132480,Gunner,11,10,
710272297844797440,,11,10,
710269109699739648,,13,10,
710153181850935296,Lacy,11,10,
710140971284037632,Tater,8,10,
710117014656950272,,11,10,pupper
709918798883774466,Watson,12,10,
709901256215666688,,12,10,
709852847387627521,,12,10,
709566166965075968,Olaf,12,10,
709556954897764353,Cecil,12,10,
709519240576036864,Vince,9,10,
709449600415961088,Karma,10,10,
709409458133323776,Billy,8,10,
709225125749587968,Walker,11,10,
709207347839836162,Penny,11,10,
709158332880297985,Rodney,10,10,
709042156699303936,Klevin,9,10,
708845821941387268,,9,10,pupper
708834316713893888,Malikai,10,10,
708810915978854401,Mister,10,10,
708738143638450176,Coco,11,10,
708711088997666817,Smokey,11,10,
708479650088034305,Bear,13,10,
708469915515297792,Bobble,11,10,
708356463048204288,Oliver,10,10,
708349470027751425,River,11,10,
708149363256774660,Jebberson,10,10,
708130923141795840,,11,10,
708119489313951744,Cooper,9,10,
708109389455101952,Remington,10,10,
708026248782585858,,13,10,
707995814724026368,Farfle,12,10,
707969809498152960,Rufus,11,10,
707776935007539200,Sadie,11,10,
707741517457260545,,10,10,
707693576495472641,Jiminus,7,10,
707610948723478529,Harper,12,10,
707420581654872064,Keurig,4,10,
707411934438625280,,11,10,pupper
707387676719185920,Clarkus,10,10,
707377100785885184,,9,10,
707315916783140866,Finnegus,10,10,pupper
707297311098011648,Cassie,10,10,
707059547140169728,Cupcake,11,10,
707038192327901184,Kathmandu,10,10,
707021089608753152,Tucker,12,10,
707014260413456384,Ellie,11,10,
706901761596989440,Elliot,3,10,
706681918348251136,Katie,12,10,
706644897839910912,Shadow,9,10,
706593038911545345,,10,10,
706538006853918722,Oliver,11,10,
706516534877929472,,12,10,
706346369204748288,Koda,12,10,
706310011488698368,,12,10,pupper
706291001778950144,,11,10,
706265994973601792,Kara,11,10,
706166467411222528,Dexter,7,10,
705975130514706432,Adele,10,10,pupper
705970349788291072,Lucy,12,10,
705898680587526145,Max,10,10,
705591895322394625,,11,10,
705475953783398401,Zara,12,10,
705442520700944385,Cooper,12,10,
705428427625635840,Ambrose,11,10,pupper
705239209544720384,Jimothy,11,10,
705223444686888960,Bode,9,10,
705102439679201280,Terrenth,10,10,
705066031337840642,Reese,12,10,
704859558691414016,,10,10,pupper
704847917308362754,,12,10,
704819833553219584,Chesterson,7,10,
704761120771465216,,13,10,pupper
704499785726889984,,12,10,
704480331685040129,Lucia,11,10,
704364645503647744,Bisquick,12,10,
704347321748819968,Ralphson,10,10,pupper
704113298707505153,Stanley,8,10,
703774238772166656,,10,10,
703769065844768768,,10,10,
703631701117943808,Bella,11,10,
703611486317502464,Scooter,10,10,pupper
703407252292673536,,10,10,pupper
703382836347330562,Charlie,12,10,
703356393781329922,Socks,9,10,
703268521220972544,,12,10,pupper
703079050210877440,,11,10,
703041949650034688,,10,10,
702932127499816960,Chip,6,10,
702684942141153280,Lucy,11,10,
702671118226825216,Rambo,10,10,
702598099714314240,Sansa,11,10,pupper
702539513671897089,,12,10,
702321140488925184,,12,10,
702276748847800320,,11,10,
702217446468493312,,9,10,
701981390485725185,Fiji,12,10,
701952816642965504,Rilo,11,10,
701889187134500865,Bilbo,11,10,
701601587219795968,Coopson,10,10,
701570477911896070,Yoda,9,10,
701545186879471618,Millie,10,10,pupper
701214700881756160,,12,10,
700890391244103680,Chet,11,10,
700864154249383937,,12,10,pupper
700847567345688576,Crouton,10,10,
700796979434098688,Daniel,7,10,
700747788515020802,,11,10,
700518061187723268,Vincent,10,10,
700505138482569216,Kaia,12,10,
700462010979500032,Murphy,6,10,
700167517596164096,Dotsy,10,10,
700151421916807169,,11,10,pupper
700143752053182464,,10,10,pupper
700062718104104960,Eazy,6,10,
700029284593901568,Coops,10,10,
700002074055016451,Thumas,9,10,
699801817392291840,Cooper,11,10,pupper
699788877217865730,Nala,12,10,
699779630832685056,,10,10,
699775878809702401,Fillup,11,10,
699691744225525762,Dave,5,10,
699446877801091073,Archie,12,10,
699434518667751424,,12,10,pupper
699423671849451520,,10,10,
699413908797464576,Miley,11,10,
699370870310113280,Calbert,11,10,
699323444782047232,,10,10,
699088579889332224,Charl,3,10,
699079609774645248,Reagan,8,10,
699072405256409088,,12,10,
699036661657767936,,13,10,pupper
698989035503689728,Oliver,13,10,
698953797952008193,CeCe,11,10,
698907974262222848,,10,10,
698710712454139905,Cuddles,10,10,
698703483621523456,Rusty,7,10,
698635131305795584,,12,10,
698549713696649216,Claude,9,10,
698355670425473025,Jessiga,10,10,
698342080612007937,Maximus,11,10,
698262614669991936,Franklin,11,10,
698195409219559425,Beau,9,10,
698178924120031232,Lily,10,10,
697995514407682048,,11,10,
697990423684476929,Doug,11,10,
697943111201378304,Cassie,10,10,
697881462549430272,Carter,10,10,
697616773278015490,,11,10,pupper
697596423848730625,,11,10,pupper
697575480820686848,Ole,8,10,
697482927769255936,Blipson,11,10,
697270446429966336,Bentley,10,10,
697259378236399616,,8,10,
697255105972801536,Charlie,10,10,
697242256848379904,Oakley,10,10,
696900204696625153,Rosie,12,10,
696894894812565505,,9,10,
696886256886657024,,12,10,
696877980375769088,Misty,9,10,pupper
696754882863349760,Reptar,10,10,
696713835009417216,Trevith,9,10,pupper
696488710901260288,,12,10,
696405997980676096,Berb,7,10,
695816827381944320,,11,10,
695794761660297217,Wyatt,13,10,
695629776980148225,Calvin,8,10,
695446424020918272,,12,10,
695409464418041856,Bob,10,10,
695314793360662529,Colin,10,10,
695095422348574720,,12,10,pupper
695074328191332352,Lorenzo,11,10,pupper
695064344191721472,,4,10,
695051054296211456,Brian,6,10,
694905863685980160,Archie,10,10,
694669722378485760,Phil,12,10,
694352839993344000,Oliviér,10,10,
694329668942569472,Grady,9,10,pupper
694206574471057408,,10,10,
694183373896572928,Lola,9,10,
694001791655137281,Chester,11,10,
693942351086120961,Kobe,10,10,
693647888581312512,,7,10,
693642232151285760,Freddery,9,10,
693629975228977152,,12,10,pupper
693622659251335168,,10,10,
693590843962331137,Phil,3,10,pupper
693486665285931008,Lincoln,11,10,
693280720173801472,Sadie,10,10,
693262851218264065,,11,10,pupper
693231807727280129,Bodie,9,10,
693155686491000832,Dunkin,12,10,
693109034023534592,,11,10,
693095443459342336,Milo,10,10,pupper
692919143163629568,,9,10,
692905862751522816,Wally,10,10,pupper
692901601640583168,,10,10,
692894228850999298,Tupawc,10,10,
692828166163931137,,12,10,pupper
692752401762250755,,13,10,pupper
692568918515392513,Chester,12,10,
692535307825213440,Amber,10,10,
692530551048294401,Cody,10,10,
692417313023332352,Herschel,7,10,pupper
692187005137076224,,12,10,
692158366030913536,Edgar,10,10,
692017291282812928,Kingsley,9,10,
691820333922455552,Brockly,8,10,
691756958957883396,,10,10,
691675652215414786,Richie,10,10,
691483041324204033,,5,10,
691459709405118465,Leo,12,10,
691444869282295808,Bailey,12,10,
691416866452082688,,13,10,
691321916024623104,Molly,11,10,
691096613310316544,,11,10,
691090071332753408,,12,10,
690959652130045952,,11,10,
690938899477221376,,10,10,
690932576555528194,Buddy,12,10,
690735892932222976,Peaches,13,10,
690728923253055490,Vinscent,8,10,
690690673629138944,Cedrick,10,10,
690649993829576704,Hazel,11,10,
690597161306841088,Lolo,11,10,
690400367696297985,Eriq,10,10,
690374419777196032,Phred,11,10,
690360449368465409,,9,10,
690248561355657216,Maxwell,11,10,
690021994562220032,Geoff,10,10,
690015576308211712,,12,10,pupper
690005060500217858,,10,10,
689999384604450816,Covach,10,10,
689977555533848577,,12,10,
689905486972461056,Gizmo,11,10,pupper
689877686181715968,Durg,9,10,
689835978131935233,Fynn,11,10,
689661964914655233,Luca,12,10,
689659372465688576,Ricky,8,10,
689623661272240129,Lucy,10,10,pupper
689599056876867584,,11,10,
689557536375177216,,12,10,
689517482558820352,Carl,12,10,
689289219123089408,,13,10,
689283819090870273,Chipson,9,10,
689280876073582592,Herald,10,10,
689275259254616065,Lucky,10,10,
689154315265683456,,9,10,
689143371370250240,Trip,10,10,pupper
688916208532455424,,11,10,pupper
688908934925697024,Clarence,8,10,
688898160958271489,,10,10,
688894073864884227,Hamrick,7,10,pupper
688828561667567616,Brad,9,10,
688804835492233216,,12,10,
688789766343622656,Pubert,8,10,
688547210804498433,Frönq,9,10,
688519176466644993,,12,10,pupper
688385280030670848,Louis,12,10,
688211956440801280,Derby,13,10,
688179443353796608,Lizzie,10,10,pupper
688116655151435777,,10,10,
688064179421470721,Kilo,11,10,
687826841265172480,Louis,12,10,
687818504314159109,,12,10,pupper
687807801670897665,Trooper,11,10,
687704180304273409,Blakely,9,10,pupper
687664829264453632,Opal,11,10,
687494652870668288,Marq,7,10,
687480748861947905,,12,10,
687476254459715584,Curtis,11,10,pupper
687460506001633280,Kramer,10,10,
687317306314240000,Tyrone,11,10,
687312378585812992,,7,10,pupper
687127927494963200,Gordon,9,10,
687124485711986689,Samson,11,10,
687109925361856513,Baxter,11,10,
687102708889812993,,5,10,
687096057537363968,,11,10,pupper
686947101016735744,Jackson,11,10,
686749460672679938,,8,10,
686730991906516992,,12,10,
686683045143953408,Mona,11,10,pupper
686618349602762752,Olivia,11,10,pupper
686606069955735556,Horace,10,10,
686386521809772549,Crimson,11,10,
686377065986265092,Birf,10,10,pupper
686358356425093120,,10,10,
686050296934563840,Flávio,11,10,
686034024800862208,,12,10,
686007916130873345,,11,10,pupper
686003207160610816,Hammond,3,10,
685973236358713344,Lorelei,11,10,
685943807276412928,,8,10,pupper
685906723014619143,Olive,9,10,
685667379192414208,Marty,9,10,pupper
685663452032069632,Brooks,12,10,
685641971164143616,Otis,7,10,pupper
685547936038666240,,14,10,pupper
685532292383666176,,9,10,
685325112850124800,,10,10,
685321586178670592,Rocky,10,10,
685315239903100929,,11,10,
685307451701334016,Petrick,11,10,floofer
685268753634967552,Hubertson,10,10,pupper
685198997565345792,Alfie,11,10,
685169283572338688,Gerbald,11,10,pupper
684959798585110529,Jerry,5,10,
684940049151070208,Oreo,12,10,
684926975086034944,Bruiser,11,10,
684914660081053696,,12,10,
684902183876321280,Perry,11,10,
684880619965411328,,5,10,pupper
684800227459624960,Theodore,11,10,
684594889858887680,,10,10,
684567543613382656,Bobby,4,10,
684481074559381504,Pippa,10,10,
684460069371654144,Jeph,10,10,
684241637099323392,Obi,12,10,
684200372118904832,,6,10,
684195085588783105,Tino,9,10,
684188786104872960,,10,10,
684177701129875456,Kulet,10,10,
684122891630342144,,11,10,
684097758874210310,Lupe,10,10,
683857920510050305,Sadie,10,10,
683852578183077888,Tiger,10,10,
683849932751646720,Jiminy,5,10,
683834909291606017,,9,10,pupper
683828599284170753,,12,10,pupper
683773439333797890,Buddy,9,10,
683742671509258241,Sebastian,11,10,
683498322573824003,Griffin,11,10,
683481228088049664,Banjo,11,10,pupper
683462770029932544,,8,10,pupper
683449695444799489,,10,10,
683391852557561860,Jack,11,10,
683357973142474752,,10,10,
683142553609318400,Brandy,9,10,pupper
683111407806746624,Larry,10,10,pupper
683098815881154561,,12,10,
683078886620553216,,9,10,pupper
683030066213818368,Lulu,10,10,
682788441537560576,,12,10,pupper
682750546109968385,Taco,9,10,
682697186228989953,,12,10,
682662431982772225,Joey,11,10,
682638830361513985,,12,10,
682429480204398592,,8,10,
682406705142087680,Patrick,7,10,pupper
682393905736888321,Kreg,11,10,
682389078323662849,Brody,9,10,
682303737705140231,Todo,9,10,
682259524040966145,Jax,9,10,
682242692827447297,Samson,11,10,
682059653698686977,Tess,11,10,
682047327939461121,,10,10,
682032003584274432,Ulysses,11,10,
682003177596559360,,5,10,
681981167097122816,Jimothy,12,10,
681891461017812993,Charlie,10,10,pupper
681694085539872773,Bo,11,10,pupper
681679526984871937,,7,10,pupper
681654059175129088,Toffee,12,10,pupper
681610798867845120,,12,10,
681579835668455424,Apollo,8,10,
681523177663676416,Carly,12,10,
681339448655802368,Asher,9,10,
681320187870711809,Glacier,11,10,
681302363064414209,Chuck,3,10,
681297372102656000,,12,10,
681281657291280384,Sarge,11,10,
681261549936340994,Panda,9,10,
681242418453299201,Champ,10,10,
681231109724700672,,11,10,pupper
681193455364796417,Aspen,11,10,
680970795137544192,,9,10,
680959110691590145,Ozzie,9,10,
680940246314430465,Alice,4,10,
680934982542561280,Sadie,10,10,
680913438424612864,Griswold,11,10,
680889648562991104,Cheesy,9,10,
680836378243002368,Ellie,12,10,pupper
680801747103793152,,10,10,
680798457301471234,Moofasa,6,10,
680609293079592961,Brody,9,10,
680583894916304897,Penny,8,10,
680497766108381184,Percy,12,10,
680494726643068929,,26,10,
680473011644985345,Hector,10,10,pupper
680440374763077632,,11,10,
680221482581123072,CeCe,10,10,
680206703334408192,Toby,12,10,
680191257256136705,,11,10,pupper
680176173301628928,,10,10,pupper
680161097740095489,Goliath,12,10,
680145970311643136,Kawhi,10,10,pupper
680130881361686529,Reggie,10,10,
680115823365742593,Ozzy,9,10,
680100725817409536,,11,10,pupper
680085611152338944,,12,10,
680070545539371008,Emmie,9,10,
679877062409191424,Penelope,5,10,
679862121895714818,,11,10,
679854723806179328,Bruce,7,10,
679844490799091713,Willie,10,10,
679828447187857408,,13,10,pupper
679777920601223168,Rinna,10,10,pupper
679736210798047232,,9,10,
679729593985699840,Hunter,8,10,
679722016581222400,Mike,8,10,
679530280114372609,,7,10,
679527802031484928,,11,10,pupper
679511351870550016,William,7,10,
679503373272485890,Dwight,8,10,pupper
679475951516934144,Evy,9,10,
679462823135686656,Hurley,11,10,
679158373988876288,Rubio,11,10,
679148763231985668,,8,10,
679132435750195208,Louis,10,10,
679111216690831360,,12,10,
679062614270468097,Chompsky,11,10,
679047485189439488,,9,10,
678991772295516161,,12,10,
678969228704284672,Lola,11,10,
678800283649069056,,12,10,pupper
678798276842360832,Linda,7,10,
678774928607469569,Tug,11,10,
678767140346941444,Mia,8,10,
678764513869611008,Wilson,10,10,
678755239630127104,Dash,10,10,
678740035362037760,Tango,6,10,
678675843183484930,,2,10,
678643457146150913,Grizz,10,10,
678446151570427904,,10,10,
678424312106393600,Crystal,2,10,
678410210315247616,Jerome,10,10,
678399652199309312,,12,10,
678396796259975168,,12,10,
678389028614488064,Bella,11,10,pupper
678380236862578688,Crumpet,10,10,
678341075375947776,,12,10,pupper
678334497360859136,Rosie,10,10,
678278586130948096,,10,10,pupper
678255464182861824,Jessifer,9,10,
678021115718029313,Reese,12,10,
677918531514703872,,10,10,
677895101218201600,,9,10,
677700003327029250,Ralph,10,10,
677698403548192770,Sadie,9,10,
677687604918272002,,11,10,
677673981332312066,,9,10,
677662372920729601,,12,10,
677644091929329666,,11,10,
677573743309385728,Sandy,10,10,
677565715327688705,,6,10,
677557565589463040,,10,10,pupper
677547928504967168,,12,10,
677530072887205888,Axel,9,10,
677334615166730240,,9,10,
677331501395156992,Humphrey,9,10,
677328882937298944,Derek,10,10,
677314812125323265,Tassy,10,10,
677301033169788928,Juckson,5,10,
677269281705472000,,10,10,pupper
677228873407442944,Chuq,11,10,
677187300187611136,,9,10,
676975532580409345,Cooper,11,10,
676957860086095872,,10,10,
676949632774234114,Tyrus,8,10,
676948236477857792,Karl,6,10,
676946864479084545,,12,10,
676942428000112642,,9,10,
676936541936185344,,8,10,pupper
676897532954456065,,5,10,
676864501615042560,Ash,10,10,
676821958043033607,,11,10,
676819651066732545,,12,10,pupper
676811746707918848,Penny,9,10,
676776431406465024,,10,10,
676617503762681856,,13,10,pupper
676613908052996102,,12,10,
676606785097199616,,12,10,
676603393314578432,Godzilla,9,10,pupper
676588346097852417,Bubbles,5,10,
676582956622721024,Vinnie,8,10,
676575501977128964,,8,10,pupper
676533798876651520,,12,10,
676496375194980353,Griffin,9,10,
676470639084101634,,11,10,pupper
676440007570247681,,11,10,
676430933382295552,Duke,10,10,
676263575653122048,,10,10,pupper
676237365392908289,Winston,8,10,
676219687039057920,Kenneth,10,10,
676215927814406144,Herm,9,10,
676191832485810177,,10,10,
676146341966438401,Bert,10,10,
676101918813499392,Striker,11,10,
676098748976615425,,3,10,
676089483918516224,,9,10,
675898130735476737,,10,10,pupper
675891555769696257,Donny,6,10,
675888385639251968,,10,10,
675878199931371520,,11,10,
675845657354215424,Pepper,10,10,pupper
675822767435051008,,10,10,
675820929667219457,,11,10,
675798442703122432,Bernie,10,10,
675781562965868544,Buddah,11,10,
675740360753160193,,12,10,pupper
675710890956750848,Lenny,12,10,
675706639471788032,,10,10,
675534494439489536,,11,10,
675531475945709568,Ellie,10,10,
675522403582218240,Sammy,10,10,
675517828909424640,,12,10,
675501075957489664,,13,10,
675497103322386432,Reggie,11,10,
675489971617296384,,10,10,
675483430902214656,,5,10,
675432746517426176,,12,10,
675372240448454658,,13,10,
675362609739206656,Daisy,12,10,
675354435921575936,,13,10,
675334060156301312,,12,10,pupper
675166823650848770,Arnold,10,10,
675153376133427200,,1,10,
675149409102012420,,12,10,
675147105808306176,,10,10,
675146535592706048,Coops,7,10,
675145476954566656,,9,10,
675135153782571009,Steven,5,10,
675113801096802304,Zuzu,10,10,pupper
675111688094527488,Oliver,8,10,
675109292475830276,,9,10,
675047298674663426,,11,10,
675015141583413248,Moe,10,10,
675006312288268288,Mollie,10,10,pupper
675003128568291329,Laela,12,10,
674805413498527744,,10,10,
674800520222154752,Tedders,11,10,
674790488185167872,,13,10,
674788554665512960,Maggie,9,10,
674781762103414784,,8,10,
674774481756377088,Superpup,11,10,pupper
674767892831932416,,12,10,
674764817387900928,,10,10,
674752233200820224,,12,10,
674743008475090944,Sophie,10,10,
674739953134403584,,11,10,
674737130913071104,Rufio,10,10,pupper
674690135443775488,Patrick,3,10,
674670581682434048,Jeb,9,10,
674664755118911488,Rodman,10,10,
674646392044941312,,5,10,
674644256330530816,,11,10,
674638615994089473,,12,10,pupper
674632714662858753,,5,10,
674468880899788800,Louis,13,10,
674447403907457024,,10,10,pupper
674436901579923456,Bailey,9,10,
674422304705744896,Ava,12,10,
674416750885273600,Jonah,10,10,
674410619106390016,Lenny,10,10,
674394782723014656,Gary,8,10,
674372068062928900,Chesney,10,10,
674318007229923329,Lennon,8,10,pupper
674291837063053312,Kenny,11,10,
674271431610523648,,10,10,
674269164442398721,Bob,8,10,
674265582246694913,Henry,2,10,
674262580978937856,Gus,9,10,pupper
674255168825880576,Bobbay,10,10,
674082852460433408,,11,10,
674075285688614912,Mitch,11,10,
674063288070742018,Earl,5,10,
674053186244734976,Stanley,10,10,
674051556661161984,Lucy,10,10,
674045139690631169,,3,10,
674042553264685056,,12,10,
674038233588723717,Kaiya,12,10,pupper
674036086168010753,Daisy,9,10,
674024893172875264,,10,10,
674019345211760640,Acro,10,10,
674014384960745472,Aiden,11,10,
674008982932058114,,10,10,
673956914389192708,,10,10,pupper
673919437611909120,Obie,11,10,pupper
666826780179869698,,12,10,
666817836334096384,Jeph,9,10,
666804364988780544,Jockson,8,10,
666786068205871104,,2,10,
666781792255496192,,10,10,
666776908487630848,Josep,5,10,
666739327293083650,Lugan,10,10,
666701168228331520,,8,10,
666691418707132416,Christoper,8,10,
666649482315059201,,4,10,
666644823164719104,Jimothy,9,10,
666454714377183233,Kreggory,10,10,
666447344410484738,Scout,9,10,
666437273139982337,,7,10,
666435652385423360,,10,10,
666430724426358785,,6,10,
666428276349472768,,7,10,
666421158376562688,,12,10,
666418789513326592,Walter,10,10,
666411507551481857,,2,10,
666407126856765440,,7,10,
666396247373291520,,9,10,
666373753744588802,,11,10,
666362758909284353,,6,10,
666353288456101888,,8,10,
666345417576210432,,10,10,
666337882303524864,,9,10,
666293911632134144,,3,10,
666273097616637952,,11,10,
666268910803644416,,10,10,
666104133288665088,,1,10,
666102155909144576,,11,10,
666099513787052032,,8,10,
666094000022159362,,9,10,
666082916733198337,,6,10,
666073100786774016,,10,10,
666071193221509120,,9,10,
666063827256086533,,10,10,
666058600524156928,,8,10,
666057090499244032,,9,10,
666055525042405380,,10,10,
666051853826850816,,2,10,
666050758794694657,,10,10,
666049248165822465,,5,10,
666044226329800704,,6,10,
666033412701032449,,9,10,
666029285002620928,,7,10,
666020888022790149,,8,10,
